Source,Target,Type,Id,Label,Weight,size,Color
9,9,Undirected,3,,15768951,121017,"#999999"
39,39,Undirected,5,,300577,929,"#999999"
89,9,Undirected,7,,10410,265,"#999999"
77,77,Undirected,8,,378425,7,"#999999"
9,78,Undirected,9,,212546,657,"#999999"
17,77,Undirected,10,,1,1,"#999999"
82,77,Undirected,12,,73694,88,"#999999"
1,1,Undirected,34,,405,9,"#999999"
1,2,Undirected,35,,412,4,"#999999"
1,3,Undirected,36,,32,4,"#999999"
1,4,Undirected,37,,15,3,"#999999"
1,5,Undirected,38,,21,2,"#999999"
1,6,Undirected,39,,16,3,"#999999"
1,8,Undirected,40,,12,3,"#999999"
1,9,Undirected,41,,26,5,"#999999"
1,11,Undirected,42,,21,3,"#999999"
1,12,Undirected,43,,19,3,"#999999"
1,14,Undirected,44,,1,1,"#999999"
1,16,Undirected,45,,37,3,"#999999"
1,19,Undirected,46,,5,2,"#999999"
1,20,Undirected,47,,5,2,"#999999"
1,15,Undirected,48,,6,2,"#999999"
2,3,Undirected,49,,1,1,"#999999"
2,4,Undirected,50,,2,1,"#999999"
2,9,Undirected,51,,19,1,"#999999"
2,11,Undirected,52,,19,1,"#999999"
2,12,Undirected,53,,20,1,"#999999"
2,14,Undirected,54,,1,1,"#999999"
2,16,Undirected,55,,44,1,"#999999"
1,7,Undirected,56,,2,1,"#999999"
3,5,Undirected,57,,34,1,"#999999"
3,9,Undirected,58,,2,1,"#999999"
3,10,Undirected,59,,2,1,"#999999"
3,12,Undirected,60,,1,1,"#999999"
3,14,Undirected,61,,1,1,"#999999"
3,19,Undirected,62,,3,1,"#999999"
3,20,Undirected,63,,1,1,"#999999"
1,13,Undirected,64,,1,1,"#999999"
4,6,Undirected,65,,1,1,"#999999"
5,9,Undirected,66,,1,1,"#999999"
5,10,Undirected,67,,4,1,"#999999"
5,19,Undirected,68,,4,1,"#999999"
5,20,Undirected,69,,1,1,"#999999"
5,21,Undirected,70,,1,1,"#999999"
9,11,Undirected,71,,1,1,"#999999"
9,12,Undirected,72,,1,1,"#999999"
9,16,Undirected,73,,2,1,"#999999"
9,19,Undirected,74,,1,1,"#999999"
9,20,Undirected,75,,1,1,"#999999"
10,19,Undirected,76,,1,1,"#999999"
11,12,Undirected,77,,1,1,"#999999"
11,16,Undirected,78,,2,1,"#999999"
12,14,Undirected,79,,1,1,"#999999"
12,16,Undirected,80,,2,1,"#999999"
19,20,Undirected,81,,1,1,"#999999"
9,37,Undirected,86,,13984,1008,"#999999"
9,27,Undirected,87,,3573,506,"#999999"
9,36,Undirected,88,,259,36,"#999999"
9,34,Undirected,89,,206,44,"#999999"
9,31,Undirected,90,,308,38,"#999999"
9,30,Undirected,91,,306,40,"#999999"
9,25,Undirected,92,,71,5,"#999999"
9,24,Undirected,93,,1080,71,"#999999"
9,23,Undirected,94,,1996,80,"#999999"
9,29,Undirected,97,,2715,48,"#999999"
9,32,Undirected,98,,806,50,"#999999"
9,26,Undirected,99,,1279,249,"#999999"
9,35,Undirected,100,,1468,88,"#999999"
9,22,Undirected,104,,18526,91,"#999999"
9,33,Undirected,106,,450,38,"#999999"
9,38,Undirected,110,,65,16,"#999999"
9,28,Undirected,111,,379,29,"#999999"
22,27,Undirected,114,,20,1,"#999999"
22,33,Undirected,115,,16,1,"#999999"
22,31,Undirected,116,,8,1,"#999999"
22,38,Undirected,117,,3,1,"#999999"
22,26,Undirected,118,,77,1,"#999999"
22,30,Undirected,119,,8,1,"#999999"
22,28,Undirected,120,,15,1,"#999999"
22,29,Undirected,121,,69,1,"#999999"
22,23,Undirected,122,,26,1,"#999999"
22,37,Undirected,123,,8,3,"#999999"
23,27,Undirected,124,,1,1,"#999999"
23,28,Undirected,125,,1,1,"#999999"
23,29,Undirected,126,,5,1,"#999999"
23,30,Undirected,127,,1,1,"#999999"
23,33,Undirected,128,,1,1,"#999999"
23,37,Undirected,129,,4,2,"#999999"
24,24,Undirected,130,,2,1,"#999999"
26,34,Undirected,131,,1,1,"#999999"
24,35,Undirected,132,,3,1,"#999999"
29,31,Undirected,133,,3,1,"#999999"
29,33,Undirected,134,,5,1,"#999999"
29,34,Undirected,135,,3,1,"#999999"
33,38,Undirected,136,,2,1,"#999999"
39,43,Undirected,139,,216,6,"#999999"
39,40,Undirected,140,,4129,36,"#999999"
39,55,Undirected,145,,353,22,"#999999"
39,54,Undirected,147,,74,16,"#999999"
39,68,Undirected,150,,319,25,"#999999"
39,66,Undirected,153,,4,2,"#999999"
39,49,Undirected,154,,1198,33,"#999999"
39,37,Undirected,157,,7,3,"#999999"
39,26,Undirected,158,,10,3,"#999999"
39,42,Undirected,159,,9179,32,"#999999"
39,41,Undirected,160,,4226,35,"#999999"
39,27,Undirected,161,,237,19,"#999999"
39,57,Undirected,164,,34,5,"#999999"
39,76,Undirected,168,,15,5,"#999999"
39,21,Undirected,169,,53,9,"#999999"
39,75,Undirected,171,,11,5,"#999999"
39,9,Undirected,172,,8935,355,"#999999"
39,72,Undirected,178,,45,3,"#999999"
39,70,Undirected,179,,52,9,"#999999"
39,51,Undirected,180,,64,4,"#999999"
39,71,Undirected,181,,70,12,"#999999"
39,56,Undirected,182,,17,6,"#999999"
39,20,Undirected,185,,381,27,"#999999"
39,47,Undirected,186,,86,7,"#999999"
39,45,Undirected,187,,34,10,"#999999"
39,52,Undirected,189,,14,5,"#999999"
39,73,Undirected,192,,601,26,"#999999"
39,46,Undirected,193,,263,7,"#999999"
39,50,Undirected,194,,73,5,"#999999"
39,53,Undirected,196,,129,17,"#999999"
39,69,Undirected,197,,26,12,"#999999"
39,60,Undirected,198,,26,2,"#999999"
39,58,Undirected,199,,64,11,"#999999"
39,48,Undirected,200,,337,2,"#999999"
39,74,Undirected,201,,1,1,"#999999"
39,67,Undirected,204,,101,11,"#999999"
39,64,Undirected,205,,4,1,"#999999"
39,65,Undirected,206,,19,2,"#999999"
39,6,Undirected,207,,5,3,"#999999"
39,63,Undirected,210,,2,1,"#999999"
39,62,Undirected,212,,2,1,"#999999"
40,72,Undirected,213,,5,1,"#999999"
40,57,Undirected,214,,6,1,"#999999"
40,55,Undirected,215,,4,1,"#999999"
40,54,Undirected,216,,1,1,"#999999"
40,53,Undirected,217,,6,1,"#999999"
40,42,Undirected,218,,4,1,"#999999"
40,41,Undirected,219,,30,1,"#999999"
40,63,Undirected,220,,1,1,"#999999"
40,50,Undirected,221,,4,1,"#999999"
39,35,Undirected,223,,8,3,"#999999"
42,21,Undirected,224,,1,1,"#999999"
39,44,Undirected,225,,20,3,"#999999"
42,73,Undirected,226,,27,1,"#999999"
42,20,Undirected,227,,27,1,"#999999"
41,73,Undirected,228,,4,1,"#999999"
41,9,Undirected,229,,14,1,"#999999"
41,43,Undirected,230,,5,1,"#999999"
41,68,Undirected,231,,2,1,"#999999"
43,55,Undirected,233,,16,1,"#999999"
42,49,Undirected,234,,27,1,"#999999"
41,42,Undirected,235,,62,1,"#999999"
42,68,Undirected,236,,27,1,"#999999"
41,20,Undirected,237,,2,1,"#999999"
41,49,Undirected,238,,9,1,"#999999"
52,55,Undirected,239,,3,1,"#999999"
52,56,Undirected,240,,1,1,"#999999"
20,52,Undirected,241,,4,1,"#999999"
45,56,Undirected,242,,1,1,"#999999"
20,68,Undirected,243,,1,1,"#999999"
49,73,Undirected,244,,3,1,"#999999"
26,55,Undirected,245,,5,1,"#999999"
20,73,Undirected,246,,1,1,"#999999"
45,9,Undirected,247,,1,1,"#999999"
20,55,Undirected,248,,44,1,"#999999"
45,20,Undirected,249,,4,1,"#999999"
45,55,Undirected,250,,6,1,"#999999"
45,76,Undirected,251,,1,1,"#999999"
45,52,Undirected,252,,1,1,"#999999"
52,9,Undirected,253,,1,1,"#999999"
49,68,Undirected,254,,1,1,"#999999"
49,58,Undirected,255,,1,1,"#999999"
9,49,Undirected,256,,8,1,"#999999"
49,70,Undirected,257,,1,1,"#999999"
49,20,Undirected,258,,1,1,"#999999"
20,56,Undirected,259,,3,1,"#999999"
51,55,Undirected,260,,1,1,"#999999"
9,73,Undirected,261,,4,1,"#999999"
20,37,Undirected,262,,2,1,"#999999"
55,56,Undirected,263,,19,1,"#999999"
55,37,Undirected,264,,11,2,"#999999"
55,61,Undirected,265,,5,1,"#999999"
55,63,Undirected,266,,2,1,"#999999"
55,9,Undirected,267,,1,1,"#999999"
55,64,Undirected,268,,2,1,"#999999"
55,76,Undirected,269,,1,1,"#999999"
56,37,Undirected,270,,2,1,"#999999"
56,9,Undirected,271,,1,1,"#999999"
68,73,Undirected,272,,1,1,"#999999"
73,27,Undirected,273,,2,1,"#999999"
9,79,Undirected,274,,198458,4411,"#999999"
9,93,Undirected,275,,44808,1240,"#999999"
9,123,Undirected,276,,2367,267,"#999999"
9,122,Undirected,277,,4236,440,"#999999"
9,83,Undirected,278,,399915,13351,"#999999"
9,120,Undirected,279,,732,140,"#999999"
9,119,Undirected,280,,943,88,"#999999"
9,85,Undirected,281,,24772,1501,"#999999"
9,111,Undirected,282,,6849,373,"#999999"
9,118,Undirected,283,,1178,115,"#999999"
9,80,Undirected,284,,729934,8605,"#999999"
9,97,Undirected,285,,12684,819,"#999999"
9,116,Undirected,286,,889,61,"#999999"
9,84,Undirected,287,,92808,3124,"#999999"
9,82,Undirected,288,,176200,5124,"#999999"
9,71,Undirected,289,,43007,1522,"#999999"
9,114,Undirected,290,,770,120,"#999999"
9,87,Undirected,291,,22052,411,"#999999"
9,77,Undirected,292,,10615166,2294,"#999999"
78,318,Undirected,293,,1,1,"#999999"
78,313,Undirected,294,,2,1,"#999999"
78,83,Undirected,295,,8619,68,"#999999"
78,309,Undirected,296,,35,1,"#999999"
78,71,Undirected,297,,522,11,"#999999"
78,305,Undirected,298,,1,1,"#999999"
78,230,Undirected,299,,2,1,"#999999"
78,301,Undirected,300,,4,1,"#999999"
78,82,Undirected,301,,3533,28,"#999999"
78,287,Undirected,302,,47,1,"#999999"
78,283,Undirected,303,,40,2,"#999999"
78,189,Undirected,304,,11,4,"#999999"
78,278,Undirected,305,,1,1,"#999999"
78,275,Undirected,306,,2,1,"#999999"
78,272,Undirected,307,,1,1,"#999999"
78,319,Undirected,308,,3,1,"#999999"
78,166,Undirected,309,,2,1,"#999999"
78,80,Undirected,310,,5524,27,"#999999"
78,196,Undirected,311,,44,2,"#999999"
78,259,Undirected,312,,2,1,"#999999"
78,258,Undirected,313,,4,1,"#999999"
78,256,Undirected,314,,9,1,"#999999"
78,255,Undirected,315,,2,1,"#999999"
78,253,Undirected,316,,4,1,"#999999"
78,240,Undirected,317,,2,1,"#999999"
78,236,Undirected,318,,1,1,"#999999"
78,91,Undirected,319,,57,5,"#999999"
78,79,Undirected,320,,1367,16,"#999999"
78,219,Undirected,321,,4,1,"#999999"
78,216,Undirected,322,,1,1,"#999999"
78,145,Undirected,323,,157,2,"#999999"
78,210,Undirected,324,,1,1,"#999999"
78,209,Undirected,325,,2,1,"#999999"
78,206,Undirected,326,,8,1,"#999999"
78,203,Undirected,327,,6,1,"#999999"
78,202,Undirected,328,,1,1,"#999999"
78,200,Undirected,329,,52,1,"#999999"
78,86,Undirected,330,,249,3,"#999999"
78,197,Undirected,331,,2,1,"#999999"
78,124,Undirected,332,,53,3,"#999999"
78,327,Undirected,333,,1,1,"#999999"
78,110,Undirected,334,,301,4,"#999999"
78,85,Undirected,335,,206,7,"#999999"
78,185,Undirected,336,,7,1,"#999999"
78,184,Undirected,337,,1,1,"#999999"
78,181,Undirected,338,,1,1,"#999999"
78,175,Undirected,339,,13,2,"#999999"
78,174,Undirected,340,,28,1,"#999999"
78,157,Undirected,341,,19,1,"#999999"
78,152,Undirected,342,,1,1,"#999999"
78,93,Undirected,343,,30,5,"#999999"
78,136,Undirected,344,,51,1,"#999999"
78,144,Undirected,345,,5,1,"#999999"
78,143,Undirected,346,,12,1,"#999999"
78,141,Undirected,347,,42,1,"#999999"
78,139,Undirected,348,,56,1,"#999999"
78,138,Undirected,349,,16,1,"#999999"
78,137,Undirected,350,,12,1,"#999999"
78,135,Undirected,351,,72,1,"#999999"
78,131,Undirected,352,,7,1,"#999999"
78,97,Undirected,353,,456,3,"#999999"
78,129,Undirected,354,,1,1,"#999999"
78,127,Undirected,355,,141,1,"#999999"
9,98,Undirected,356,,2674,134,"#999999"
78,84,Undirected,357,,742,10,"#999999"
78,126,Undirected,358,,19,1,"#999999"
78,123,Undirected,359,,99,2,"#999999"
78,122,Undirected,360,,75,2,"#999999"
78,37,Undirected,361,,599,5,"#999999"
78,281,Undirected,362,,2,1,"#999999"
78,109,Undirected,363,,1062,1,"#999999"
78,107,Undirected,364,,104,2,"#999999"
78,101,Undirected,365,,23,1,"#999999"
78,98,Undirected,366,,183,1,"#999999"
78,39,Undirected,367,,36,1,"#999999"
78,95,Undirected,368,,92,1,"#999999"
78,94,Undirected,369,,98,1,"#999999"
78,88,Undirected,370,,34,1,"#999999"
78,87,Undirected,371,,413,1,"#999999"
78,146,Undirected,372,,27,1,"#999999"
78,77,Undirected,373,,102340,4,"#999999"
9,91,Undirected,374,,5796,345,"#999999"
78,217,Undirected,375,,2,1,"#999999"
78,102,Undirected,376,,73,1,"#999999"
78,306,Undirected,377,,10,1,"#999999"
9,296,Undirected,378,,457,128,"#999999"
9,287,Undirected,379,,1059,107,"#999999"
9,124,Undirected,380,,6714,700,"#999999"
9,121,Undirected,381,,636,122,"#999999"
9,250,Undirected,382,,307,93,"#999999"
9,247,Undirected,383,,242,58,"#999999"
9,106,Undirected,384,,9842,633,"#999999"
9,189,Undirected,385,,1191,212,"#999999"
9,210,Undirected,386,,314,63,"#999999"
9,209,Undirected,387,,496,133,"#999999"
9,203,Undirected,388,,129,60,"#999999"
9,159,Undirected,389,,528,142,"#999999"
78,27,Undirected,390,,57,3,"#999999"
9,178,Undirected,391,,2513,168,"#999999"
9,153,Undirected,392,,1579,118,"#999999"
9,147,Undirected,393,,2778,208,"#999999"
9,128,Undirected,394,,638,107,"#999999"
9,136,Undirected,395,,1732,160,"#999999"
9,143,Undirected,396,,1448,84,"#999999"
78,234,Undirected,397,,3,1,"#999999"
9,135,Undirected,398,,6562,422,"#999999"
9,110,Undirected,399,,10768,722,"#999999"
9,103,Undirected,400,,1119,88,"#999999"
9,99,Undirected,401,,5204,288,"#999999"
78,96,Undirected,402,,51,1,"#999999"
78,204,Undirected,403,,6,1,"#999999"
78,322,Undirected,404,,2,1,"#999999"
78,172,Undirected,405,,156,1,"#999999"
78,268,Undirected,406,,2,1,"#999999"
9,95,Undirected,407,,3673,208,"#999999"
9,94,Undirected,408,,7438,309,"#999999"
78,160,Undirected,409,,5,1,"#999999"
9,88,Undirected,410,,5890,383,"#999999"
9,86,Undirected,411,,11505,614,"#999999"
78,297,Undirected,412,,1,1,"#999999"
9,81,Undirected,413,,22242,464,"#999999"
78,220,Undirected,414,,52,2,"#999999"
78,248,Undirected,415,,1,1,"#999999"
77,220,Undirected,416,,693,10,"#999999"
78,300,Undirected,417,,10,2,"#999999"
77,134,Undirected,418,,77,6,"#999999"
77,331,Undirected,419,,61,3,"#999999"
77,330,Undirected,420,,24,2,"#999999"
77,329,Undirected,421,,2,2,"#999999"
77,305,Undirected,422,,169,7,"#999999"
78,165,Undirected,423,,15,1,"#999999"
77,328,Undirected,424,,9,2,"#999999"
77,83,Undirected,425,,203353,211,"#999999"
77,85,Undirected,426,,8588,24,"#999999"
77,181,Undirected,427,,86,12,"#999999"
77,322,Undirected,428,,5,1,"#999999"
77,321,Undirected,429,,60,3,"#999999"
77,320,Undirected,430,,101,4,"#999999"
77,319,Undirected,431,,22,1,"#999999"
78,190,Undirected,432,,21,1,"#999999"
77,324,Undirected,433,,9,1,"#999999"
78,211,Undirected,434,,6,1,"#999999"
77,318,Undirected,435,,15,2,"#999999"
77,316,Undirected,436,,73,2,"#999999"
77,26,Undirected,437,,441,7,"#999999"
77,315,Undirected,438,,17,1,"#999999"
77,99,Undirected,439,,1227,4,"#999999"
77,165,Undirected,440,,189,8,"#999999"
77,110,Undirected,441,,9265,12,"#999999"
77,300,Undirected,442,,97,7,"#999999"
77,71,Undirected,443,,18819,35,"#999999"
78,320,Undirected,444,,4,1,"#999999"
77,312,Undirected,445,,4,1,"#999999"
77,310,Undirected,446,,1,1,"#999999"
77,309,Undirected,447,,171,3,"#999999"
78,296,Undirected,448,,2,1,"#999999"
77,123,Undirected,449,,1184,5,"#999999"
77,306,Undirected,450,,24,2,"#999999"
78,286,Undirected,451,,1,1,"#999999"
77,114,Undirected,452,,546,4,"#999999"
77,304,Undirected,453,,2,1,"#999999"
78,331,Undirected,454,,1,1,"#999999"
77,303,Undirected,455,,208,4,"#999999"
77,230,Undirected,456,,80,4,"#999999"
77,301,Undirected,457,,17,1,"#999999"
77,152,Undirected,458,,67,6,"#999999"
77,299,Undirected,459,,20,3,"#999999"
78,117,Undirected,460,,2,1,"#999999"
78,120,Undirected,461,,28,1,"#999999"
77,298,Undirected,462,,5,1,"#999999"
77,297,Undirected,463,,71,2,"#999999"
77,296,Undirected,464,,313,3,"#999999"
77,292,Undirected,465,,11,1,"#999999"
77,291,Undirected,466,,4,1,"#999999"
77,317,Undirected,467,,1,1,"#999999"
77,288,Undirected,468,,6,1,"#999999"
77,287,Undirected,469,,554,2,"#999999"
77,166,Undirected,470,,144,4,"#999999"
77,311,Undirected,471,,16,1,"#999999"
77,37,Undirected,472,,6842,24,"#999999"
77,80,Undirected,473,,232695,113,"#999999"
77,281,Undirected,474,,11,1,"#999999"
77,279,Undirected,475,,2,1,"#999999"
77,278,Undirected,476,,19,2,"#999999"
77,277,Undirected,477,,2,1,"#999999"
77,276,Undirected,478,,22,1,"#999999"
77,39,Undirected,479,,2761,5,"#999999"
77,271,Undirected,480,,12,1,"#999999"
77,79,Undirected,481,,66480,52,"#999999"
78,147,Undirected,482,,48,1,"#999999"
9,100,Undirected,483,,3708,78,"#999999"
77,160,Undirected,484,,351,7,"#999999"
77,269,Undirected,485,,7,1,"#999999"
77,225,Undirected,486,,27,2,"#999999"
77,175,Undirected,487,,138,5,"#999999"
77,27,Undirected,488,,1437,18,"#999999"
78,235,Undirected,489,,3,1,"#999999"
77,216,Undirected,490,,101,4,"#999999"
9,216,Undirected,491,,697,118,"#999999"
77,93,Undirected,492,,18082,13,"#999999"
77,270,Undirected,493,,1,1,"#999999"
77,34,Undirected,494,,5,1,"#999999"
77,264,Undirected,495,,65,1,"#999999"
77,263,Undirected,496,,7,1,"#999999"
77,196,Undirected,497,,587,8,"#999999"
77,261,Undirected,498,,12,1,"#999999"
77,260,Undirected,499,,33,2,"#999999"
77,259,Undirected,500,,76,1,"#999999"
77,258,Undirected,501,,37,1,"#999999"
77,256,Undirected,502,,5,1,"#999999"
77,255,Undirected,503,,62,1,"#999999"
77,254,Undirected,504,,10,1,"#999999"
77,253,Undirected,505,,17,1,"#999999"
77,252,Undirected,506,,1,1,"#999999"
77,251,Undirected,507,,2,1,"#999999"
77,250,Undirected,508,,160,4,"#999999"
78,114,Undirected,509,,22,1,"#999999"
77,294,Undirected,510,,5,1,"#999999"
9,115,Undirected,511,,2028,87,"#999999"
77,282,Undirected,512,,26,3,"#999999"
9,101,Undirected,513,,3645,259,"#999999"
78,288,Undirected,514,,1,1,"#999999"
9,76,Undirected,515,,6561,340,"#999999"
77,248,Undirected,516,,19,2,"#999999"
77,247,Undirected,517,,40,2,"#999999"
77,97,Undirected,518,,3802,21,"#999999"
77,246,Undirected,519,,3,1,"#999999"
77,161,Undirected,520,,44,2,"#999999"
77,86,Undirected,521,,4110,9,"#999999"
77,245,Undirected,522,,1,1,"#999999"
77,84,Undirected,523,,19871,52,"#999999"
77,244,Undirected,524,,3,1,"#999999"
77,242,Undirected,525,,54,1,"#999999"
77,22,Undirected,526,,1,1,"#999999"
77,189,Undirected,527,,218,8,"#999999"
77,237,Undirected,528,,9,2,"#999999"
77,234,Undirected,529,,78,2,"#999999"
77,235,Undirected,530,,72,1,"#999999"
77,307,Undirected,531,,16,1,"#999999"
77,124,Undirected,532,,2015,14,"#999999"
78,224,Undirected,533,,1,1,"#999999"
77,267,Undirected,534,,54,1,"#999999"
77,91,Undirected,535,,1818,8,"#999999"
77,289,Undirected,536,,22,1,"#999999"
77,231,Undirected,537,,3,1,"#999999"
78,183,Undirected,538,,1,1,"#999999"
77,325,Undirected,539,,9,3,"#999999"
77,283,Undirected,540,,171,5,"#999999"
9,96,Undirected,541,,3243,145,"#999999"
77,159,Undirected,542,,163,3,"#999999"
78,291,Undirected,543,,3,1,"#999999"
77,226,Undirected,544,,73,3,"#999999"
77,236,Undirected,545,,6,1,"#999999"
77,308,Undirected,546,,14,1,"#999999"
77,183,Undirected,547,,29,3,"#999999"
77,224,Undirected,548,,19,2,"#999999"
78,26,Undirected,549,,68,2,"#999999"
77,140,Undirected,550,,203,6,"#999999"
77,223,Undirected,551,,14,1,"#999999"
77,222,Undirected,552,,41,2,"#999999"
77,266,Undirected,553,,50,3,"#999999"
9,117,Undirected,554,,526,104,"#999999"
77,217,Undirected,555,,30,2,"#999999"
77,215,Undirected,556,,147,3,"#999999"
78,148,Undirected,557,,15,1,"#999999"
77,214,Undirected,558,,61,2,"#999999"
77,145,Undirected,559,,1850,5,"#999999"
77,192,Undirected,560,,7,2,"#999999"
77,213,Undirected,561,,4,1,"#999999"
77,212,Undirected,562,,20,2,"#999999"
77,211,Undirected,563,,223,3,"#999999"
77,210,Undirected,564,,246,1,"#999999"
77,209,Undirected,565,,336,3,"#999999"
77,122,Undirected,566,,2160,6,"#999999"
77,206,Undirected,567,,77,1,"#999999"
77,205,Undirected,568,,4,1,"#999999"
77,174,Undirected,569,,171,5,"#999999"
77,195,Undirected,570,,33,2,"#999999"
77,199,Undirected,571,,28,1,"#999999"
77,197,Undirected,572,,83,1,"#999999"
77,313,Undirected,573,,7,1,"#999999"
77,194,Undirected,574,,8,1,"#999999"
77,106,Undirected,575,,2224,9,"#999999"
77,111,Undirected,576,,1469,6,"#999999"
77,107,Undirected,577,,641,2,"#999999"
77,193,Undirected,578,,59,1,"#999999"
78,149,Undirected,579,,43,1,"#999999"
77,156,Undirected,580,,171,5,"#999999"
77,191,Undirected,581,,176,1,"#999999"
77,190,Undirected,582,,377,3,"#999999"
77,243,Undirected,583,,1,1,"#999999"
77,63,Undirected,584,,27,2,"#999999"
77,177,Undirected,585,,54,2,"#999999"
9,102,Undirected,586,,5586,352,"#999999"
77,188,Undirected,587,,13,1,"#999999"
9,181,Undirected,588,,225,94,"#999999"
77,187,Undirected,589,,16,1,"#999999"
77,204,Undirected,590,,31,1,"#999999"
77,186,Undirected,591,,126,1,"#999999"
77,167,Undirected,592,,132,3,"#999999"
77,185,Undirected,593,,48,3,"#999999"
78,81,Undirected,594,,322,1,"#999999"
77,184,Undirected,595,,3,1,"#999999"
9,220,Undirected,596,,1247,170,"#999999"
77,180,Undirected,597,,35,1,"#999999"
77,179,Undirected,598,,304,1,"#999999"
77,178,Undirected,599,,1011,2,"#999999"
77,176,Undirected,600,,15,1,"#999999"
77,172,Undirected,601,,844,3,"#999999"
77,171,Undirected,602,,12,1,"#999999"
77,169,Undirected,603,,72,1,"#999999"
77,168,Undirected,604,,16,1,"#999999"
77,120,Undirected,605,,270,5,"#999999"
77,272,Undirected,606,,5,2,"#999999"
77,164,Undirected,607,,884,1,"#999999"
77,163,Undirected,608,,22,2,"#999999"
78,265,Undirected,609,,2,1,"#999999"
77,162,Undirected,610,,129,1,"#999999"
77,302,Undirected,611,,50,2,"#999999"
77,104,Undirected,612,,114,3,"#999999"
77,158,Undirected,613,,43,1,"#999999"
77,157,Undirected,614,,181,3,"#999999"
77,155,Undirected,615,,41,1,"#999999"
77,154,Undirected,616,,25,1,"#999999"
77,153,Undirected,617,,286,1,"#999999"
77,327,Undirected,618,,19,2,"#999999"
77,151,Undirected,619,,358,1,"#999999"
77,295,Undirected,620,,3,1,"#999999"
77,273,Undirected,621,,2,1,"#999999"
77,150,Undirected,622,,210,1,"#999999"
77,148,Undirected,623,,251,3,"#999999"
77,149,Undirected,624,,139,3,"#999999"
77,147,Undirected,625,,1542,3,"#999999"
77,146,Undirected,626,,90,1,"#999999"
77,128,Undirected,627,,166,2,"#999999"
77,136,Undirected,628,,391,2,"#999999"
77,144,Undirected,629,,179,3,"#999999"
77,109,Undirected,630,,39651,4,"#999999"
77,143,Undirected,631,,459,1,"#999999"
77,142,Undirected,632,,317,1,"#999999"
77,141,Undirected,633,,343,3,"#999999"
77,139,Undirected,634,,2181,3,"#999999"
77,138,Undirected,635,,361,1,"#999999"
77,137,Undirected,636,,54,1,"#999999"
77,135,Undirected,637,,4060,4,"#999999"
77,133,Undirected,638,,593,1,"#999999"
77,131,Undirected,639,,89,3,"#999999"
77,130,Undirected,640,,204,1,"#999999"
77,129,Undirected,641,,82,1,"#999999"
77,127,Undirected,642,,518,3,"#999999"
77,290,Undirected,643,,2722,1,"#999999"
77,257,Undirected,644,,29,1,"#999999"
9,235,Undirected,645,,292,63,"#999999"
9,234,Undirected,646,,312,71,"#999999"
9,112,Undirected,647,,1882,221,"#999999"
78,156,Undirected,648,,10,1,"#999999"
77,265,Undirected,649,,9,1,"#999999"
77,126,Undirected,650,,98,1,"#999999"
77,125,Undirected,651,,38,1,"#999999"
77,121,Undirected,652,,292,1,"#999999"
77,218,Undirected,653,,87,1,"#999999"
77,119,Undirected,654,,490,2,"#999999"
77,221,Undirected,655,,28,1,"#999999"
77,118,Undirected,656,,420,3,"#999999"
77,117,Undirected,657,,211,3,"#999999"
77,116,Undirected,658,,200,1,"#999999"
77,115,Undirected,659,,394,3,"#999999"
77,113,Undirected,660,,66,1,"#999999"
77,112,Undirected,661,,1008,3,"#999999"
9,92,Undirected,662,,7316,55,"#999999"
9,190,Undirected,663,,603,97,"#999999"
78,223,Undirected,664,,2,1,"#999999"
77,108,Undirected,665,,5,1,"#999999"
77,88,Undirected,666,,3031,6,"#999999"
77,105,Undirected,667,,19,1,"#999999"
77,103,Undirected,668,,906,3,"#999999"
77,102,Undirected,669,,2143,3,"#999999"
77,200,Undirected,670,,112,1,"#999999"
9,139,Undirected,671,,4719,328,"#999999"
77,100,Undirected,672,,1200,1,"#999999"
77,98,Undirected,673,,1336,3,"#999999"
77,76,Undirected,674,,2518,3,"#999999"
9,156,Undirected,675,,260,67,"#999999"
77,203,Undirected,676,,33,1,"#999999"
77,89,Undirected,677,,2514,3,"#999999"
77,96,Undirected,678,,1134,3,"#999999"
77,95,Undirected,679,,1925,3,"#999999"
78,76,Undirected,680,,101,1,"#999999"
77,293,Undirected,681,,54,1,"#999999"
77,323,Undirected,682,,7,2,"#999999"
77,228,Undirected,683,,1,1,"#999999"
77,94,Undirected,684,,3607,3,"#999999"
77,92,Undirected,685,,438,1,"#999999"
77,90,Undirected,686,,91,1,"#999999"
78,112,Undirected,687,,34,1,"#999999"
77,219,Undirected,688,,48,1,"#999999"
77,87,Undirected,689,,11421,3,"#999999"
9,109,Undirected,690,,103147,799,"#999999"
77,101,Undirected,691,,1737,2,"#999999"
77,207,Undirected,692,,2,1,"#999999"
78,118,Undirected,693,,7,1,"#999999"
77,275,Undirected,694,,10,1,"#999999"
78,180,Undirected,695,,1,1,"#999999"
77,81,Undirected,696,,12412,4,"#999999"
78,179,Undirected,697,,16,1,"#999999"
77,201,Undirected,698,,16,1,"#999999"
78,17,Undirected,699,,1,1,"#999999"
77,182,Undirected,700,,47,3,"#999999"
77,202,Undirected,701,,21,1,"#999999"
77,241,Undirected,702,,1,1,"#999999"
9,160,Undirected,703,,730,89,"#999999"
9,145,Undirected,704,,3600,176,"#999999"
9,141,Undirected,705,,950,150,"#999999"
78,99,Undirected,706,,10,1,"#999999"
9,241,Undirected,707,,4,3,"#999999"
9,179,Undirected,708,,1776,63,"#999999"
9,214,Undirected,709,,102,31,"#999999"
9,175,Undirected,710,,532,108,"#999999"
9,151,Undirected,711,,185,54,"#999999"
9,211,Undirected,712,,701,121,"#999999"
9,196,Undirected,713,,1473,213,"#999999"
9,129,Undirected,714,,106,29,"#999999"
9,174,Undirected,715,,521,108,"#999999"
9,167,Undirected,716,,738,98,"#999999"
9,107,Undirected,717,,3258,121,"#999999"
9,126,Undirected,718,,156,17,"#999999"
9,134,Undirected,719,,241,60,"#999999"
9,330,Undirected,720,,97,26,"#999999"
9,165,Undirected,721,,795,147,"#999999"
9,303,Undirected,722,,143,53,"#999999"
9,321,Undirected,723,,148,56,"#999999"
9,320,Undirected,724,,266,79,"#999999"
9,157,Undirected,725,,268,76,"#999999"
9,300,Undirected,726,,276,100,"#999999"
9,309,Undirected,727,,332,99,"#999999"
9,226,Undirected,728,,291,69,"#999999"
9,224,Undirected,729,,39,22,"#999999"
9,248,Undirected,730,,199,41,"#999999"
9,283,Undirected,731,,343,127,"#999999"
9,272,Undirected,732,,14,11,"#999999"
9,269,Undirected,733,,10,7,"#999999"
9,266,Undirected,734,,128,45,"#999999"
9,256,Undirected,735,,18,12,"#999999"
9,244,Undirected,736,,33,12,"#999999"
9,215,Undirected,737,,423,79,"#999999"
9,183,Undirected,738,,244,58,"#999999"
9,140,Undirected,739,,1444,74,"#999999"
9,193,Undirected,740,,260,36,"#999999"
9,180,Undirected,741,,89,37,"#999999"
9,282,Undirected,742,,28,17,"#999999"
9,138,Undirected,743,,996,88,"#999999"
9,137,Undirected,744,,264,14,"#999999"
9,131,Undirected,745,,497,121,"#999999"
9,182,Undirected,746,,98,30,"#999999"
9,152,Undirected,747,,86,41,"#999999"
9,163,Undirected,748,,83,22,"#999999"
9,161,Undirected,749,,237,68,"#999999"
9,172,Undirected,750,,1624,99,"#999999"
9,206,Undirected,751,,212,57,"#999999"
9,331,Undirected,752,,168,44,"#999999"
9,327,Undirected,753,,199,41,"#999999"
9,223,Undirected,754,,26,18,"#999999"
9,291,Undirected,755,,22,15,"#999999"
9,63,Undirected,756,,87,25,"#999999"
9,281,Undirected,757,,50,23,"#999999"
9,280,Undirected,758,,9,6,"#999999"
9,225,Undirected,759,,180,24,"#999999"
9,259,Undirected,760,,401,60,"#999999"
9,255,Undirected,761,,513,50,"#999999"
9,154,Undirected,762,,88,18,"#999999"
9,150,Undirected,763,,498,31,"#999999"
9,149,Undirected,764,,200,56,"#999999"
9,146,Undirected,765,,580,58,"#999999"
9,238,Undirected,766,,17,4,"#999999"
9,236,Undirected,767,,10,8,"#999999"
9,200,Undirected,768,,298,62,"#999999"
9,192,Undirected,769,,24,18,"#999999"
9,144,Undirected,770,,413,89,"#999999"
9,142,Undirected,771,,1131,60,"#999999"
9,104,Undirected,772,,703,80,"#999999"
9,231,Undirected,773,,62,14,"#999999"
9,230,Undirected,774,,569,114,"#999999"
9,218,Undirected,775,,372,74,"#999999"
9,204,Undirected,776,,315,12,"#999999"
9,199,Undirected,777,,35,8,"#999999"
9,197,Undirected,778,,454,60,"#999999"
9,191,Undirected,779,,419,32,"#999999"
9,221,Undirected,780,,36,9,"#999999"
77,326,Undirected,781,,2,1,"#999999"
9,177,Undirected,782,,319,67,"#999999"
9,265,Undirected,783,,46,13,"#999999"
9,299,Undirected,784,,50,27,"#999999"
9,185,Undirected,785,,290,70,"#999999"
9,184,Undirected,786,,29,11,"#999999"
9,166,Undirected,787,,568,72,"#999999"
9,108,Undirected,788,,242,13,"#999999"
9,278,Undirected,789,,199,41,"#999999"
9,276,Undirected,790,,109,28,"#999999"
9,162,Undirected,791,,547,71,"#999999"
9,158,Undirected,792,,66,14,"#999999"
9,130,Undirected,793,,710,17,"#999999"
9,186,Undirected,794,,1020,47,"#999999"
9,251,Undirected,795,,26,14,"#999999"
9,133,Undirected,796,,1765,74,"#999999"
9,127,Undirected,797,,1193,87,"#999999"
9,260,Undirected,798,,35,24,"#999999"
9,105,Undirected,799,,524,18,"#999999"
9,219,Undirected,800,,162,26,"#999999"
9,222,Undirected,801,,79,26,"#999999"
9,148,Undirected,802,,611,103,"#999999"
9,319,Undirected,803,,77,25,"#999999"
9,290,Undirected,804,,54,28,"#999999"
9,17,Undirected,805,,114,21,"#999999"
9,317,Undirected,806,,11,6,"#999999"
9,288,Undirected,807,,49,11,"#999999"
9,173,Undirected,808,,46,9,"#999999"
9,322,Undirected,809,,38,19,"#999999"
9,208,Undirected,810,,16,9,"#999999"
9,263,Undirected,811,,27,14,"#999999"
9,176,Undirected,812,,349,13,"#999999"
9,311,Undirected,813,,112,33,"#999999"
9,316,Undirected,814,,109,26,"#999999"
9,329,Undirected,815,,8,4,"#999999"
9,305,Undirected,816,,158,63,"#999999"
9,113,Undirected,817,,1485,31,"#999999"
9,171,Undirected,818,,180,10,"#999999"
9,258,Undirected,819,,222,49,"#999999"
9,306,Undirected,820,,37,24,"#999999"
9,312,Undirected,821,,19,13,"#999999"
9,302,Undirected,822,,31,21,"#999999"
9,298,Undirected,823,,16,14,"#999999"
9,279,Undirected,824,,13,9,"#999999"
9,275,Undirected,825,,50,26,"#999999"
9,237,Undirected,826,,15,14,"#999999"
9,202,Undirected,827,,24,10,"#999999"
9,295,Undirected,828,,19,13,"#999999"
9,257,Undirected,829,,175,41,"#999999"
9,267,Undirected,830,,138,30,"#999999"
9,264,Undirected,831,,413,58,"#999999"
9,313,Undirected,832,,6,5,"#999999"
9,301,Undirected,833,,58,22,"#999999"
9,297,Undirected,834,,86,31,"#999999"
9,271,Undirected,835,,35,14,"#999999"
9,294,Undirected,836,,12,8,"#999999"
9,245,Undirected,837,,37,3,"#999999"
9,201,Undirected,838,,98,8,"#999999"
9,195,Undirected,839,,156,49,"#999999"
9,268,Undirected,840,,13,7,"#999999"
9,169,Undirected,841,,272,33,"#999999"
9,168,Undirected,842,,70,20,"#999999"
9,207,Undirected,843,,62,13,"#999999"
9,314,Undirected,844,,8,5,"#999999"
9,310,Undirected,845,,6,5,"#999999"
9,293,Undirected,846,,189,44,"#999999"
9,246,Undirected,847,,12,2,"#999999"
9,289,Undirected,848,,15,8,"#999999"
9,242,Undirected,849,,138,30,"#999999"
9,277,Undirected,850,,1,1,"#999999"
9,253,Undirected,851,,106,36,"#999999"
9,164,Undirected,852,,187,17,"#999999"
9,325,Undirected,853,,24,13,"#999999"
9,324,Undirected,854,,16,10,"#999999"
9,323,Undirected,855,,16,8,"#999999"
9,194,Undirected,856,,6,1,"#999999"
9,308,Undirected,857,,12,10,"#999999"
9,307,Undirected,858,,21,11,"#999999"
9,232,Undirected,859,,2,1,"#999999"
9,262,Undirected,860,,3,3,"#999999"
9,261,Undirected,861,,33,10,"#999999"
9,187,Undirected,862,,36,7,"#999999"
9,155,Undirected,863,,224,28,"#999999"
9,286,Undirected,864,,5,2,"#999999"
9,315,Undirected,865,,44,25,"#999999"
9,90,Undirected,866,,1034,7,"#999999"
9,318,Undirected,867,,33,20,"#999999"
9,212,Undirected,868,,48,28,"#999999"
9,304,Undirected,869,,10,6,"#999999"
9,285,Undirected,870,,2,2,"#999999"
9,205,Undirected,871,,4,2,"#999999"
9,213,Undirected,872,,14,2,"#999999"
9,217,Undirected,873,,66,20,"#999999"
9,292,Undirected,874,,7,7,"#999999"
9,188,Undirected,875,,29,10,"#999999"
9,328,Undirected,876,,14,5,"#999999"
9,326,Undirected,877,,24,8,"#999999"
9,273,Undirected,878,,5,4,"#999999"
9,252,Undirected,879,,18,14,"#999999"
9,132,Undirected,880,,114,14,"#999999"
9,254,Undirected,881,,52,13,"#999999"
79,71,Undirected,883,,372,26,"#999999"
79,123,Undirected,885,,6,3,"#999999"
79,296,Undirected,886,,9,4,"#999999"
80,79,Undirected,887,,12691,259,"#999999"
79,287,Undirected,888,,3,2,"#999999"
79,83,Undirected,889,,4553,353,"#999999"
79,278,Undirected,890,,2,2,"#999999"
79,216,Undirected,891,,1,1,"#999999"
79,79,Undirected,892,,2978,97,"#999999"
80,71,Undirected,893,,1134,55,"#999999"
80,83,Undirected,894,,17290,533,"#999999"
80,110,Undirected,895,,239,23,"#999999"
79,266,Undirected,896,,3,2,"#999999"
79,248,Undirected,897,,2,2,"#999999"
79,97,Undirected,898,,96,21,"#999999"
80,80,Undirected,899,,95172,450,"#999999"
79,220,Undirected,900,,3,2,"#999999"
80,143,Undirected,901,,20,3,"#999999"
80,159,Undirected,902,,21,5,"#999999"
80,82,Undirected,903,,3280,161,"#999999"
79,221,Undirected,904,,4,2,"#999999"
79,218,Undirected,905,,5,2,"#999999"
80,93,Undirected,906,,900,62,"#999999"
79,82,Undirected,907,,675,71,"#999999"
79,209,Undirected,908,,9,4,"#999999"
79,86,Undirected,909,,112,17,"#999999"
80,122,Undirected,910,,107,14,"#999999"
80,109,Undirected,911,,2703,36,"#999999"
80,160,Undirected,912,,49,7,"#999999"
80,88,Undirected,913,,29,10,"#999999"
79,124,Undirected,914,,30,10,"#999999"
79,189,Undirected,915,,9,6,"#999999"
79,84,Undirected,916,,156,37,"#999999"
79,106,Undirected,917,,2,2,"#999999"
80,102,Undirected,918,,45,9,"#999999"
80,153,Undirected,919,,8,4,"#999999"
79,178,Undirected,920,,12,4,"#999999"
79,174,Undirected,921,,2,2,"#999999"
80,84,Undirected,922,,854,68,"#999999"
79,160,Undirected,923,,36,3,"#999999"
79,157,Undirected,924,,8,2,"#999999"
79,153,Undirected,925,,5,5,"#999999"
79,152,Undirected,926,,1,1,"#999999"
79,143,Undirected,927,,20,3,"#999999"
79,139,Undirected,928,,27,4,"#999999"
79,136,Undirected,929,,20,2,"#999999"
79,135,Undirected,930,,42,7,"#999999"
79,110,Undirected,931,,75,15,"#999999"
80,135,Undirected,932,,127,13,"#999999"
80,189,Undirected,933,,8,5,"#999999"
80,112,Undirected,934,,77,8,"#999999"
79,93,Undirected,935,,141,29,"#999999"
79,121,Undirected,936,,9,3,"#999999"
79,190,Undirected,937,,21,2,"#999999"
79,327,Undirected,938,,2,2,"#999999"
80,124,Undirected,939,,98,16,"#999999"
79,85,Undirected,940,,46,8,"#999999"
79,109,Undirected,941,,590,21,"#999999"
80,136,Undirected,942,,34,5,"#999999"
80,235,Undirected,943,,5,3,"#999999"
79,103,Undirected,944,,30,2,"#999999"
79,102,Undirected,945,,39,8,"#999999"
79,101,Undirected,946,,2,2,"#999999"
79,98,Undirected,947,,26,2,"#999999"
79,76,Undirected,948,,98,9,"#999999"
79,37,Undirected,949,,143,12,"#999999"
80,139,Undirected,950,,62,11,"#999999"
79,39,Undirected,951,,51,3,"#999999"
79,96,Undirected,952,,10,1,"#999999"
79,95,Undirected,953,,8,2,"#999999"
80,216,Undirected,954,,2,1,"#999999"
79,94,Undirected,955,,95,10,"#999999"
80,85,Undirected,956,,136,27,"#999999"
79,91,Undirected,957,,26,3,"#999999"
79,181,Undirected,958,,2,1,"#999999"
79,88,Undirected,959,,8,2,"#999999"
79,87,Undirected,960,,304,13,"#999999"
80,178,Undirected,961,,220,12,"#999999"
80,120,Undirected,962,,16,5,"#999999"
80,81,Undirected,963,,300,16,"#999999"
79,114,Undirected,964,,17,3,"#999999"
80,97,Undirected,965,,136,26,"#999999"
79,203,Undirected,966,,2,1,"#999999"
79,147,Undirected,967,,94,9,"#999999"
80,76,Undirected,968,,140,12,"#999999"
79,99,Undirected,969,,43,4,"#999999"
79,234,Undirected,970,,5,3,"#999999"
80,121,Undirected,971,,7,3,"#999999"
80,140,Undirected,972,,341,4,"#999999"
79,81,Undirected,973,,111,9,"#999999"
9,228,Undirected,974,,8,6,"#999999"
79,206,Undirected,975,,6,2,"#999999"
79,117,Undirected,976,,5,3,"#999999"
79,26,Undirected,977,,9,5,"#999999"
80,91,Undirected,978,,278,14,"#999999"
79,122,Undirected,979,,38,7,"#999999"
79,145,Undirected,980,,9,2,"#999999"
80,94,Undirected,981,,206,11,"#999999"
80,87,Undirected,982,,435,14,"#999999"
80,86,Undirected,983,,208,19,"#999999"
80,99,Undirected,984,,57,7,"#999999"
79,235,Undirected,985,,5,3,"#999999"
79,210,Undirected,986,,2,1,"#999999"
79,183,Undirected,987,,2,2,"#999999"
80,114,Undirected,988,,79,11,"#999999"
79,112,Undirected,989,,9,4,"#999999"
80,39,Undirected,990,,92,7,"#999999"
9,270,Undirected,991,,9,2,"#999999"
80,234,Undirected,992,,5,3,"#999999"
79,111,Undirected,993,,10,2,"#999999"
80,250,Undirected,994,,130,9,"#999999"
9,170,Undirected,995,,5,2,"#999999"
9,125,Undirected,996,,425,12,"#999999"
9,243,Undirected,997,,12,3,"#999999"
80,95,Undirected,1009,,5,4,"#999999"
80,315,Undirected,1014,,6,1,"#999999"
80,306,Undirected,1015,,2,1,"#999999"
80,296,Undirected,1016,,9,4,"#999999"
80,106,Undirected,1021,,24,5,"#999999"
80,212,Undirected,1023,,6,1,"#999999"
80,209,Undirected,1024,,9,4,"#999999"
80,147,Undirected,1029,,172,7,"#999999"
80,138,Undirected,1030,,2,1,"#999999"
80,101,Undirected,1033,,184,8,"#999999"
80,127,Undirected,1036,,41,5,"#999999"
80,37,Undirected,1037,,427,22,"#999999"
80,123,Undirected,1038,,11,9,"#999999"
80,117,Undirected,1040,,2,1,"#999999"
80,26,Undirected,1041,,9,4,"#999999"
80,98,Undirected,1049,,11,2,"#999999"
80,96,Undirected,1054,,40,3,"#999999"
80,210,Undirected,1086,,15,2,"#999999"
80,190,Undirected,1087,,56,6,"#999999"
80,183,Undirected,1088,,8,3,"#999999"
80,181,Undirected,1089,,4,1,"#999999"
80,157,Undirected,1090,,12,1,"#999999"
9,229,Undirected,1091,,2,2,"#999999"
81,83,Undirected,1092,,648,43,"#999999"
81,82,Undirected,1093,,264,13,"#999999"
81,84,Undirected,1094,,17,6,"#999999"
81,148,Undirected,1095,,1,1,"#999999"
81,183,Undirected,1096,,76,1,"#999999"
81,39,Undirected,1097,,9,1,"#999999"
81,71,Undirected,1098,,93,7,"#999999"
81,122,Undirected,1099,,4,2,"#999999"
81,112,Undirected,1100,,3,1,"#999999"
81,94,Undirected,1101,,7,1,"#999999"
81,124,Undirected,1102,,2,2,"#999999"
81,248,Undirected,1103,,25,1,"#999999"
81,211,Undirected,1104,,2,1,"#999999"
81,86,Undirected,1105,,86,3,"#999999"
81,224,Undirected,1106,,1,1,"#999999"
81,214,Undirected,1107,,4,1,"#999999"
81,97,Undirected,1108,,1,1,"#999999"
81,76,Undirected,1109,,6,1,"#999999"
81,141,Undirected,1110,,2,1,"#999999"
81,85,Undirected,1111,,6,3,"#999999"
81,189,Undirected,1112,,32,2,"#999999"
81,178,Undirected,1113,,1,1,"#999999"
81,332,Undirected,1114,,9,1,"#999999"
81,331,Undirected,1115,,1,1,"#999999"
81,219,Undirected,1116,,2,1,"#999999"
81,123,Undirected,1117,,23,1,"#999999"
81,182,Undirected,1118,,1,1,"#999999"
81,174,Undirected,1119,,25,1,"#999999"
81,172,Undirected,1120,,8,1,"#999999"
81,135,Undirected,1121,,11,1,"#999999"
81,88,Undirected,1122,,815,2,"#999999"
9,240,Undirected,1123,,4,2,"#999999"
81,101,Undirected,1124,,1,1,"#999999"
81,102,Undirected,1125,,11,1,"#999999"
81,37,Undirected,1126,,20,3,"#999999"
81,329,Undirected,1127,,7,1,"#999999"
81,222,Undirected,1128,,5,1,"#999999"
81,296,Undirected,1129,,1,1,"#999999"
81,327,Undirected,1130,,25,1,"#999999"
81,300,Undirected,1131,,2,1,"#999999"
81,110,Undirected,1132,,29,4,"#999999"
81,145,Undirected,1133,,1,1,"#999999"
81,109,Undirected,1134,,89,1,"#999999"
81,209,Undirected,1135,,1,1,"#999999"
81,283,Undirected,1136,,2,2,"#999999"
81,323,Undirected,1137,,1,1,"#999999"
81,217,Undirected,1138,,2,1,"#999999"
81,87,Undirected,1139,,9,1,"#999999"
81,147,Undirected,1140,,2,1,"#999999"
81,278,Undirected,1141,,25,1,"#999999"
81,99,Undirected,1142,,1,1,"#999999"
81,196,Undirected,1143,,2,1,"#999999"
81,250,Undirected,1144,,1,1,"#999999"
81,181,Undirected,1145,,2,2,"#999999"
81,27,Undirected,1146,,22,1,"#999999"
81,134,Undirected,1147,,1,1,"#999999"
81,305,Undirected,1148,,3,2,"#999999"
81,316,Undirected,1149,,9,1,"#999999"
81,253,Undirected,1150,,4,1,"#999999"
81,220,Undirected,1151,,1,1,"#999999"
81,117,Undirected,1152,,1,1,"#999999"
81,318,Undirected,1153,,1,1,"#999999"
81,230,Undirected,1154,,1,1,"#999999"
81,95,Undirected,1155,,167,1,"#999999"
81,320,Undirected,1156,,2,1,"#999999"
81,139,Undirected,1157,,2,1,"#999999"
82,83,Undirected,1158,,2772,295,"#999999"
9,239,Undirected,1159,,21,6,"#999999"
82,197,Undirected,1160,,4,2,"#999999"
82,71,Undirected,1161,,305,46,"#999999"
82,82,Undirected,1162,,965,87,"#999999"
82,102,Undirected,1163,,23,5,"#999999"
9,198,Undirected,1164,,11,4,"#999999"
82,110,Undirected,1165,,155,19,"#999999"
82,86,Undirected,1166,,132,24,"#999999"
82,94,Undirected,1167,,42,12,"#999999"
82,135,Undirected,1168,,29,8,"#999999"
82,37,Undirected,1169,,236,17,"#999999"
82,124,Undirected,1170,,33,17,"#999999"
82,117,Undirected,1171,,14,5,"#999999"
82,91,Undirected,1172,,53,8,"#999999"
82,179,Undirected,1173,,164,4,"#999999"
82,85,Undirected,1174,,216,29,"#999999"
9,227,Undirected,1175,,1,1,"#999999"
82,99,Undirected,1176,,3,3,"#999999"
82,88,Undirected,1177,,44,9,"#999999"
82,97,Undirected,1178,,89,17,"#999999"
82,109,Undirected,1179,,1112,34,"#999999"
80,309,Undirected,1180,,1,1,"#999999"
80,220,Undirected,1181,,7,6,"#999999"
80,103,Undirected,1182,,84,2,"#999999"
80,287,Undirected,1183,,5,4,"#999999"
80,27,Undirected,1184,,62,14,"#999999"
80,196,Undirected,1185,,2,1,"#999999"
80,172,Undirected,1186,,8,1,"#999999"
80,148,Undirected,1187,,4,1,"#999999"
80,283,Undirected,1188,,11,3,"#999999"
80,145,Undirected,1189,,19,6,"#999999"
80,141,Undirected,1191,,2,1,"#999999"
83,83,Undirected,1224,,93160,1258,"#999999"
83,71,Undirected,1225,,2546,132,"#999999"
83,84,Undirected,1226,,5626,309,"#999999"
83,86,Undirected,1227,,670,53,"#999999"
83,85,Undirected,1228,,111,37,"#999999"
83,97,Undirected,1229,,238,45,"#999999"
83,124,Undirected,1230,,115,34,"#999999"
83,122,Undirected,1231,,159,33,"#999999"
83,123,Undirected,1232,,63,25,"#999999"
83,39,Undirected,1233,,47,8,"#999999"
83,96,Undirected,1234,,24,2,"#999999"
83,88,Undirected,1235,,81,7,"#999999"
83,99,Undirected,1236,,43,8,"#999999"
83,209,Undirected,1237,,39,14,"#999999"
83,93,Undirected,1238,,169,48,"#999999"
83,87,Undirected,1239,,1022,56,"#999999"
83,37,Undirected,1240,,492,55,"#999999"
83,151,Undirected,1241,,2,2,"#999999"
83,110,Undirected,1242,,222,45,"#999999"
83,157,Undirected,1243,,14,7,"#999999"
83,330,Undirected,1244,,5,3,"#999999"
83,220,Undirected,1245,,55,19,"#999999"
83,139,Undirected,1246,,143,28,"#999999"
83,94,Undirected,1247,,280,28,"#999999"
83,203,Undirected,1248,,3,2,"#999999"
83,180,Undirected,1249,,2,2,"#999999"
83,296,Undirected,1250,,39,14,"#999999"
83,307,Undirected,1251,,103,19,"#999999"
83,112,Undirected,1252,,49,14,"#999999"
83,190,Undirected,1253,,24,7,"#999999"
83,147,Undirected,1254,,182,24,"#999999"
83,128,Undirected,1255,,342,25,"#999999"
83,136,Undirected,1256,,164,24,"#999999"
83,120,Undirected,1257,,41,16,"#999999"
83,95,Undirected,1258,,74,5,"#999999"
83,102,Undirected,1259,,85,22,"#999999"
83,145,Undirected,1260,,166,20,"#999999"
83,135,Undirected,1261,,207,35,"#999999"
83,76,Undirected,1262,,448,18,"#999999"
83,287,Undirected,1263,,55,19,"#999999"
83,91,Undirected,1264,,794,27,"#999999"
83,109,Undirected,1265,,2125,71,"#999999"
82,141,Undirected,1288,,28,3,"#999999"
82,114,Undirected,1289,,29,9,"#999999"
82,122,Undirected,1290,,34,9,"#999999"
83,143,Undirected,1291,,80,7,"#999999"
82,123,Undirected,1292,,32,6,"#999999"
82,121,Undirected,1293,,18,2,"#999999"
82,200,Undirected,1294,,12,4,"#999999"
82,157,Undirected,1295,,2,2,"#999999"
82,172,Undirected,1296,,96,2,"#999999"
82,175,Undirected,1297,,14,7,"#999999"
82,251,Undirected,1298,,1,1,"#999999"
82,84,Undirected,1299,,395,53,"#999999"
82,174,Undirected,1300,,36,8,"#999999"
82,26,Undirected,1301,,25,9,"#999999"
82,144,Undirected,1302,,5,3,"#999999"
82,265,Undirected,1303,,1,1,"#999999"
83,26,Undirected,1304,,36,15,"#999999"
82,149,Undirected,1305,,2,1,"#999999"
83,234,Undirected,1306,,20,7,"#999999"
82,95,Undirected,1307,,59,7,"#999999"
82,128,Undirected,1308,,6,2,"#999999"
83,178,Undirected,1309,,10,4,"#999999"
83,235,Undirected,1310,,20,7,"#999999"
82,27,Undirected,1311,,33,14,"#999999"
82,139,Undirected,1312,,24,10,"#999999"
83,121,Undirected,1313,,14,7,"#999999"
82,320,Undirected,1314,,1,1,"#999999"
82,191,Undirected,1315,,3,1,"#999999"
82,226,Undirected,1316,,4,2,"#999999"
82,87,Undirected,1317,,84,12,"#999999"
82,93,Undirected,1318,,193,24,"#999999"
82,206,Undirected,1319,,13,6,"#999999"
82,309,Undirected,1335,,20,6,"#999999"
82,107,Undirected,1336,,31,6,"#999999"
83,189,Undirected,1337,,38,10,"#999999"
82,215,Undirected,1338,,2,2,"#999999"
82,101,Undirected,1339,,20,6,"#999999"
82,300,Undirected,1340,,1,1,"#999999"
82,137,Undirected,1341,,5,1,"#999999"
82,158,Undirected,1342,,1,1,"#999999"
82,185,Undirected,1343,,1,1,"#999999"
82,98,Undirected,1344,,118,6,"#999999"
82,196,Undirected,1345,,26,3,"#999999"
83,159,Undirected,1346,,3,2,"#999999"
84,85,Undirected,1347,,701,54,"#999999"
84,162,Undirected,1348,,23,8,"#999999"
84,84,Undirected,1349,,8594,217,"#999999"
84,100,Undirected,1350,,490,9,"#999999"
84,89,Undirected,1351,,1774,29,"#999999"
84,142,Undirected,1352,,127,10,"#999999"
84,230,Undirected,1353,,16,2,"#999999"
84,109,Undirected,1354,,296,28,"#999999"
84,26,Undirected,1355,,36,6,"#999999"
84,161,Undirected,1356,,92,18,"#999999"
84,131,Undirected,1357,,16,2,"#999999"
84,104,Undirected,1358,,213,15,"#999999"
84,204,Undirected,1360,,2,1,"#999999"
84,225,Undirected,1361,,2,1,"#999999"
84,34,Undirected,1362,,4,1,"#999999"
84,120,Undirected,1363,,37,8,"#999999"
84,167,Undirected,1364,,90,17,"#999999"
84,254,Undirected,1365,,36,6,"#999999"
85,85,Undirected,1366,,110,13,"#999999"
85,89,Undirected,1367,,121,9,"#999999"
85,119,Undirected,1368,,6,1,"#999999"
85,88,Undirected,1369,,3,3,"#999999"
85,102,Undirected,1370,,4,3,"#999999"
85,107,Undirected,1371,,23,2,"#999999"
85,93,Undirected,1372,,17,6,"#999999"
85,71,Undirected,1373,,12,6,"#999999"
85,27,Undirected,1374,,7,5,"#999999"
85,94,Undirected,1375,,1,1,"#999999"
85,37,Undirected,1376,,41,6,"#999999"
85,123,Undirected,1377,,3,2,"#999999"
85,178,Undirected,1378,,1,1,"#999999"
85,276,Undirected,1379,,2,2,"#999999"
85,182,Undirected,1380,,2,1,"#999999"
85,76,Undirected,1381,,8,2,"#999999"
85,325,Undirected,1382,,1,1,"#999999"
85,97,Undirected,1383,,3,1,"#999999"
85,177,Undirected,1384,,1,1,"#999999"
85,246,Undirected,1385,,1,1,"#999999"
85,101,Undirected,1386,,13,4,"#999999"
80,149,Undirected,1387,,93,4,"#999999"
85,134,Undirected,1388,,1,1,"#999999"
85,95,Undirected,1389,,2,2,"#999999"
85,140,Undirected,1390,,4,1,"#999999"
80,206,Undirected,1391,,8,1,"#999999"
80,174,Undirected,1392,,19,2,"#999999"
85,146,Undirected,1393,,14,3,"#999999"
85,100,Undirected,1394,,82,4,"#999999"
85,109,Undirected,1395,,244,11,"#999999"
85,110,Undirected,1396,,25,6,"#999999"
85,258,Undirected,1397,,2,2,"#999999"
85,91,Undirected,1398,,8,4,"#999999"
85,180,Undirected,1399,,1,1,"#999999"
85,128,Undirected,1400,,3,1,"#999999"
80,200,Undirected,1401,,38,2,"#999999"
85,167,Undirected,1402,,3,2,"#999999"
85,181,Undirected,1403,,2,2,"#999999"
80,107,Undirected,1404,,38,2,"#999999"
85,297,Undirected,1405,,2,2,"#999999"
85,90,Undirected,1406,,43,1,"#999999"
85,135,Undirected,1407,,2,2,"#999999"
85,199,Undirected,1408,,1,1,"#999999"
85,161,Undirected,1409,,4,3,"#999999"
85,162,Undirected,1410,,19,4,"#999999"
85,142,Undirected,1411,,35,4,"#999999"
86,296,Undirected,1412,,2,1,"#999999"
86,26,Undirected,1413,,2,2,"#999999"
86,110,Undirected,1414,,6,3,"#999999"
86,189,Undirected,1415,,4,3,"#999999"
86,190,Undirected,1416,,6,1,"#999999"
86,84,Undirected,1417,,112,10,"#999999"
86,172,Undirected,1418,,8,1,"#999999"
86,157,Undirected,1419,,2,1,"#999999"
86,147,Undirected,1420,,2,1,"#999999"
86,136,Undirected,1421,,2,1,"#999999"
86,141,Undirected,1422,,2,1,"#999999"
86,91,Undirected,1423,,6,1,"#999999"
86,135,Undirected,1424,,2,1,"#999999"
86,97,Undirected,1425,,445,5,"#999999"
86,124,Undirected,1426,,10,2,"#999999"
86,123,Undirected,1427,,2,1,"#999999"
86,122,Undirected,1428,,3,2,"#999999"
86,120,Undirected,1429,,1,1,"#999999"
86,85,Undirected,1430,,2,1,"#999999"
86,37,Undirected,1431,,3,2,"#999999"
86,93,Undirected,1432,,10,2,"#999999"
86,71,Undirected,1433,,21,5,"#999999"
86,112,Undirected,1434,,2,1,"#999999"
86,109,Undirected,1435,,29,3,"#999999"
86,102,Undirected,1436,,3,1,"#999999"
86,178,Undirected,1437,,2,1,"#999999"
86,177,Undirected,1438,,1,1,"#999999"
86,159,Undirected,1439,,2,1,"#999999"
86,99,Undirected,1440,,2,1,"#999999"
86,98,Undirected,1441,,7,1,"#999999"
86,39,Undirected,1442,,3,1,"#999999"
86,95,Undirected,1443,,18,3,"#999999"
86,94,Undirected,1444,,20,1,"#999999"
86,87,Undirected,1445,,5,1,"#999999"
86,309,Undirected,1446,,1,1,"#999999"
86,209,Undirected,1447,,2,1,"#999999"
86,27,Undirected,1448,,1,1,"#999999"
86,196,Undirected,1449,,2,1,"#999999"
86,203,Undirected,1450,,1,1,"#999999"
85,175,Undirected,1451,,2,1,"#999999"
85,122,Undirected,1452,,4,2,"#999999"
85,230,Undirected,1453,,1,1,"#999999"
80,269,Undirected,1454,,9,4,"#999999"
83,138,Undirected,1455,,4,2,"#999999"
85,63,Undirected,1456,,3,2,"#999999"
9,249,Undirected,1457,,6,3,"#999999"
85,299,Undirected,1458,,1,1,"#999999"
84,264,Undirected,1459,,14,6,"#999999"
84,159,Undirected,1460,,52,12,"#999999"
84,128,Undirected,1461,,16,6,"#999999"
84,115,Undirected,1462,,999,14,"#999999"
84,101,Undirected,1463,,2,1,"#999999"
85,141,Undirected,1464,,3,3,"#999999"
85,136,Undirected,1465,,4,1,"#999999"
85,131,Undirected,1466,,1,1,"#999999"
84,173,Undirected,1467,,21,4,"#999999"
80,165,Undirected,1468,,1,1,"#999999"
80,227,Undirected,1469,,2,1,"#999999"
80,111,Undirected,1470,,23,4,"#999999"
80,118,Undirected,1471,,7,1,"#999999"
84,125,Undirected,1472,,151,5,"#999999"
84,108,Undirected,1473,,100,6,"#999999"
84,105,Undirected,1474,,154,7,"#999999"
83,117,Undirected,1475,,10,6,"#999999"
84,37,Undirected,1476,,274,20,"#999999"
84,22,Undirected,1477,,5,2,"#999999"
84,195,Undirected,1478,,5,3,"#999999"
84,132,Undirected,1479,,29,6,"#999999"
71,99,Undirected,1480,,6,2,"#999999"
71,124,Undirected,1481,,14,5,"#999999"
71,84,Undirected,1482,,39,13,"#999999"
71,206,Undirected,1483,,3,1,"#999999"
71,37,Undirected,1484,,22,3,"#999999"
71,71,Undirected,1485,,281,19,"#999999"
71,109,Undirected,1486,,172,13,"#999999"
71,93,Undirected,1487,,10,2,"#999999"
71,94,Undirected,1488,,15,2,"#999999"
71,87,Undirected,1489,,123,4,"#999999"
71,122,Undirected,1490,,19,3,"#999999"
71,114,Undirected,1492,,5,2,"#999999"
71,88,Undirected,1494,,9,3,"#999999"
71,76,Undirected,1495,,216,1,"#999999"
71,147,Undirected,1496,,14,1,"#999999"
71,102,Undirected,1497,,44,5,"#999999"
71,97,Undirected,1499,,37,10,"#999999"
71,231,Undirected,1500,,12,1,"#999999"
71,190,Undirected,1501,,10,2,"#999999"
71,112,Undirected,1502,,4,2,"#999999"
71,139,Undirected,1503,,24,2,"#999999"
71,91,Undirected,1504,,23,3,"#999999"
71,135,Undirected,1505,,18,2,"#999999"
71,110,Undirected,1506,,19,6,"#999999"
71,123,Undirected,1507,,5,3,"#999999"
87,211,Undirected,1508,,1,1,"#999999"
87,110,Undirected,1509,,12,2,"#999999"
87,330,Undirected,1510,,5,1,"#999999"
87,112,Undirected,1512,,1,1,"#999999"
87,76,Undirected,1513,,87,1,"#999999"
83,216,Undirected,1514,,1,1,"#999999"
87,124,Undirected,1515,,8,2,"#999999"
87,84,Undirected,1516,,8,4,"#999999"
87,97,Undirected,1517,,7,2,"#999999"
87,135,Undirected,1518,,15,1,"#999999"
87,287,Undirected,1519,,4,1,"#999999"
87,160,Undirected,1520,,4,1,"#999999"
83,127,Undirected,1521,,10,2,"#999999"
87,95,Undirected,1522,,2,1,"#999999"
87,109,Undirected,1524,,66,1,"#999999"
87,147,Undirected,1525,,6,1,"#999999"
87,91,Undirected,1527,,6,1,"#999999"
83,219,Undirected,1528,,2,1,"#999999"
87,190,Undirected,1529,,19,1,"#999999"
87,37,Undirected,1530,,13,2,"#999999"
87,103,Undirected,1531,,6,1,"#999999"
87,102,Undirected,1532,,4,1,"#999999"
87,296,Undirected,1534,,1,1,"#999999"
87,122,Undirected,1537,,6,1,"#999999"
87,123,Undirected,1538,,11,2,"#999999"
87,209,Undirected,1541,,1,1,"#999999"
87,220,Undirected,1543,,4,1,"#999999"
87,26,Undirected,1544,,4,1,"#999999"
87,117,Undirected,1546,,1,1,"#999999"
87,39,Undirected,1547,,2,1,"#999999"
83,230,Undirected,1549,,1,1,"#999999"
87,85,Undirected,1550,,1,1,"#999999"
83,283,Undirected,1552,,1,1,"#999999"
87,88,Undirected,1553,,2,1,"#999999"
83,257,Undirected,1554,,1,1,"#999999"
83,254,Undirected,1555,,1,1,"#999999"
87,139,Undirected,1556,,14,1,"#999999"
87,307,Undirected,1557,,1,1,"#999999"
87,96,Undirected,1558,,8,1,"#999999"
83,126,Undirected,1559,,2,1,"#999999"
87,266,Undirected,1561,,3,1,"#999999"
83,320,Undirected,1562,,2,1,"#999999"
83,300,Undirected,1563,,2,1,"#999999"
87,145,Undirected,1564,,12,1,"#999999"
87,27,Undirected,1565,,2,1,"#999999"
87,152,Undirected,1566,,2,1,"#999999"
87,94,Undirected,1567,,9,1,"#999999"
83,165,Undirected,1568,,1,1,"#999999"
83,118,Undirected,1569,,23,2,"#999999"
83,247,Undirected,1572,,1,1,"#999999"
83,114,Undirected,1575,,7,6,"#999999"
83,185,Undirected,1576,,3,1,"#999999"
83,231,Undirected,1579,,13,4,"#999999"
83,160,Undirected,1580,,8,1,"#999999"
83,141,Undirected,1583,,16,4,"#999999"
88,88,Undirected,1585,,51,1,"#999999"
88,326,Undirected,1586,,2,1,"#999999"
88,174,Undirected,1587,,4,1,"#999999"
88,101,Undirected,1588,,3,1,"#999999"
88,86,Undirected,1590,,12,2,"#999999"
88,248,Undirected,1591,,4,1,"#999999"
88,39,Undirected,1592,,1,1,"#999999"
88,183,Undirected,1593,,6,1,"#999999"
88,27,Undirected,1597,,2,1,"#999999"
88,144,Undirected,1599,,2,1,"#999999"
88,139,Undirected,1600,,1,1,"#999999"
88,327,Undirected,1601,,4,1,"#999999"
88,278,Undirected,1602,,4,1,"#999999"
88,112,Undirected,1603,,2,1,"#999999"
88,313,Undirected,1604,,1,1,"#999999"
88,329,Undirected,1605,,6,2,"#999999"
88,316,Undirected,1606,,2,2,"#999999"
88,211,Undirected,1607,,2,1,"#999999"
88,84,Undirected,1608,,1,1,"#999999"
88,76,Undirected,1609,,2,1,"#999999"
88,95,Undirected,1610,,27,2,"#999999"
88,293,Undirected,1612,,1,1,"#999999"
88,189,Undirected,1615,,4,1,"#999999"
88,135,Undirected,1616,,3,1,"#999999"
88,109,Undirected,1617,,31,2,"#999999"
88,123,Undirected,1618,,8,2,"#999999"
88,110,Undirected,1619,,9,2,"#999999"
88,214,Undirected,1620,,5,1,"#999999"
83,327,Undirected,1621,,18,3,"#999999"
83,278,Undirected,1622,,18,3,"#999999"
89,109,Undirected,1623,,42,3,"#999999"
89,125,Undirected,1624,,98,3,"#999999"
89,89,Undirected,1625,,606,3,"#999999"
83,183,Undirected,1626,,18,3,"#999999"
79,154,Undirected,1627,,28,4,"#999999"
83,248,Undirected,1629,,18,3,"#999999"
89,104,Undirected,1630,,127,6,"#999999"
83,98,Undirected,1632,,16,3,"#999999"
83,174,Undirected,1633,,18,3,"#999999"
89,195,Undirected,1635,,13,3,"#999999"
83,106,Undirected,1636,,16,4,"#999999"
79,250,Undirected,1638,,1,1,"#999999"
89,161,Undirected,1639,,19,4,"#999999"
89,167,Undirected,1640,,43,3,"#999999"
89,162,Undirected,1641,,8,3,"#999999"
83,188,Undirected,1642,,5,1,"#999999"
89,100,Undirected,1643,,562,3,"#999999"
89,142,Undirected,1644,,20,3,"#999999"
91,93,Undirected,1645,,7,4,"#999999"
91,110,Undirected,1646,,2,2,"#999999"
90,84,Undirected,1647,,129,1,"#999999"
91,258,Undirected,1648,,1,1,"#999999"
91,97,Undirected,1649,,37,3,"#999999"
91,146,Undirected,1650,,1,1,"#999999"
91,107,Undirected,1651,,11,1,"#999999"
90,109,Undirected,1652,,129,2,"#999999"
90,82,Undirected,1653,,2,1,"#999999"
90,177,Undirected,1654,,43,1,"#999999"
91,178,Undirected,1655,,1,1,"#999999"
91,102,Undirected,1657,,2,1,"#999999"
91,37,Undirected,1658,,2,1,"#999999"
91,109,Undirected,1659,,63,4,"#999999"
82,146,Undirected,1660,,1,1,"#999999"
84,177,Undirected,1661,,13,3,"#999999"
84,253,Undirected,1662,,3,2,"#999999"
82,290,Undirected,1663,,7,3,"#999999"
82,230,Undirected,1664,,2,1,"#999999"
82,195,Undirected,1665,,4,3,"#999999"
82,156,Undirected,1666,,16,1,"#999999"
84,102,Undirected,1667,,9,5,"#999999"
82,106,Undirected,1668,,36,8,"#999999"
82,178,Undirected,1669,,23,6,"#999999"
82,147,Undirected,1670,,10,3,"#999999"
82,131,Undirected,1671,,6,3,"#999999"
82,118,Undirected,1672,,3,2,"#999999"
82,112,Undirected,1673,,8,3,"#999999"
82,76,Undirected,1674,,15,3,"#999999"
82,39,Undirected,1675,,10,5,"#999999"
84,239,Undirected,1676,,3,2,"#999999"
84,198,Undirected,1677,,3,2,"#999999"
92,82,Undirected,1680,,21,2,"#999999"
92,83,Undirected,1681,,28,3,"#999999"
92,208,Undirected,1682,,2,1,"#999999"
92,140,Undirected,1683,,4,1,"#999999"
92,111,Undirected,1684,,12,3,"#999999"
92,113,Undirected,1685,,3,1,"#999999"
92,106,Undirected,1686,,112,1,"#999999"
92,79,Undirected,1687,,1,1,"#999999"
92,85,Undirected,1688,,7,1,"#999999"
83,149,Undirected,1689,,15,2,"#999999"
83,103,Undirected,1690,,34,1,"#999999"
93,110,Undirected,1701,,13,4,"#999999"
89,128,Undirected,1702,,4,1,"#999999"
89,82,Undirected,1703,,2,2,"#999999"
89,94,Undirected,1704,,1,1,"#999999"
93,93,Undirected,1705,,262,14,"#999999"
93,139,Undirected,1706,,2,1,"#999999"
93,97,Undirected,1707,,3,2,"#999999"
93,121,Undirected,1708,,2,1,"#999999"
93,117,Undirected,1709,,3,1,"#999999"
93,84,Undirected,1710,,9,5,"#999999"
93,37,Undirected,1711,,20,3,"#999999"
93,178,Undirected,1713,,14,5,"#999999"
93,94,Undirected,1714,,2,1,"#999999"
93,206,Undirected,1715,,2,1,"#999999"
93,114,Undirected,1716,,2,1,"#999999"
93,109,Undirected,1717,,187,10,"#999999"
82,283,Undirected,1718,,5,2,"#999999"
82,263,Undirected,1719,,1,1,"#999999"
82,258,Undirected,1720,,1,1,"#999999"
79,166,Undirected,1721,,6,1,"#999999"
83,175,Undirected,1722,,12,3,"#999999"
94,95,Undirected,1723,,2,1,"#999999"
94,96,Undirected,1724,,1,1,"#999999"
94,97,Undirected,1725,,17,3,"#999999"
94,76,Undirected,1726,,1,1,"#999999"
94,102,Undirected,1727,,5,1,"#999999"
94,109,Undirected,1728,,29,1,"#999999"
94,110,Undirected,1729,,5,1,"#999999"
94,84,Undirected,1730,,46,5,"#999999"
94,112,Undirected,1731,,5,1,"#999999"
94,111,Undirected,1732,,1,1,"#999999"
94,114,Undirected,1733,,16,1,"#999999"
94,124,Undirected,1734,,2,1,"#999999"
94,139,Undirected,1735,,1,1,"#999999"
94,143,Undirected,1736,,4,1,"#999999"
94,145,Undirected,1737,,3,1,"#999999"
94,177,Undirected,1738,,1,1,"#999999"
94,185,Undirected,1739,,4,1,"#999999"
94,206,Undirected,1740,,2,1,"#999999"
94,209,Undirected,1741,,5,1,"#999999"
94,220,Undirected,1742,,1,1,"#999999"
94,234,Undirected,1743,,1,1,"#999999"
94,235,Undirected,1744,,1,1,"#999999"
94,189,Undirected,1745,,1,1,"#999999"
94,287,Undirected,1746,,1,1,"#999999"
94,296,Undirected,1747,,5,1,"#999999"
94,123,Undirected,1748,,1,1,"#999999"
82,145,Undirected,1749,,20,5,"#999999"
82,189,Undirected,1750,,9,7,"#999999"
82,220,Undirected,1751,,6,3,"#999999"
82,183,Undirected,1752,,6,4,"#999999"
82,248,Undirected,1753,,6,4,"#999999"
82,278,Undirected,1754,,6,4,"#999999"
82,287,Undirected,1755,,6,3,"#999999"
82,327,Undirected,1756,,6,4,"#999999"
82,127,Undirected,1757,,4,1,"#999999"
95,39,Undirected,1758,,3,1,"#999999"
95,102,Undirected,1759,,1,1,"#999999"
95,109,Undirected,1760,,19,1,"#999999"
95,110,Undirected,1761,,20,2,"#999999"
95,71,Undirected,1762,,6,3,"#999999"
95,27,Undirected,1763,,3,1,"#999999"
95,123,Undirected,1764,,1,1,"#999999"
95,124,Undirected,1765,,1,1,"#999999"
95,141,Undirected,1766,,3,1,"#999999"
95,172,Undirected,1767,,4,1,"#999999"
95,174,Undirected,1768,,4,1,"#999999"
95,189,Undirected,1769,,4,1,"#999999"
95,122,Undirected,1770,,1,1,"#999999"
95,222,Undirected,1771,,3,1,"#999999"
95,183,Undirected,1772,,4,1,"#999999"
95,248,Undirected,1773,,4,1,"#999999"
95,196,Undirected,1774,,1,1,"#999999"
95,278,Undirected,1775,,4,1,"#999999"
95,97,Undirected,1776,,1,1,"#999999"
95,293,Undirected,1777,,1,1,"#999999"
95,294,Undirected,1778,,1,1,"#999999"
95,316,Undirected,1779,,4,1,"#999999"
95,324,Undirected,1780,,1,1,"#999999"
95,327,Undirected,1781,,4,1,"#999999"
82,96,Undirected,1782,,9,1,"#999999"
82,103,Undirected,1783,,1,1,"#999999"
82,105,Undirected,1784,,9,1,"#999999"
82,108,Undirected,1785,,22,1,"#999999"
82,111,Undirected,1786,,5,3,"#999999"
82,113,Undirected,1787,,1,1,"#999999"
82,119,Undirected,1788,,7,2,"#999999"
82,132,Undirected,1789,,18,2,"#999999"
82,133,Undirected,1790,,21,1,"#999999"
82,138,Undirected,1791,,1,1,"#999999"
82,140,Undirected,1792,,12,1,"#999999"
82,142,Undirected,1793,,5,1,"#999999"
82,148,Undirected,1794,,6,2,"#999999"
82,152,Undirected,1795,,1,1,"#999999"
82,153,Undirected,1796,,1,1,"#999999"
82,155,Undirected,1797,,4,2,"#999999"
82,160,Undirected,1798,,8,2,"#999999"
82,162,Undirected,1799,,1,1,"#999999"
82,167,Undirected,1800,,2,1,"#999999"
82,169,Undirected,1801,,1,1,"#999999"
82,177,Undirected,1802,,1,1,"#999999"
82,180,Undirected,1803,,4,1,"#999999"
82,186,Undirected,1804,,3,1,"#999999"
82,161,Undirected,1805,,2,2,"#999999"
82,187,Undirected,1806,,2,1,"#999999"
82,190,Undirected,1807,,1,1,"#999999"
82,198,Undirected,1808,,3,1,"#999999"
82,166,Undirected,1809,,14,3,"#999999"
82,202,Undirected,1810,,1,1,"#999999"
82,210,Undirected,1811,,2,1,"#999999"
82,211,Undirected,1812,,4,3,"#999999"
82,212,Undirected,1813,,1,1,"#999999"
82,221,Undirected,1814,,1,1,"#999999"
82,239,Undirected,1815,,5,1,"#999999"
82,244,Undirected,1816,,1,1,"#999999"
82,250,Undirected,1817,,1,1,"#999999"
82,254,Undirected,1818,,1,1,"#999999"
82,255,Undirected,1819,,1,1,"#999999"
82,256,Undirected,1820,,1,1,"#999999"
82,259,Undirected,1821,,1,1,"#999999"
82,264,Undirected,1822,,3,1,"#999999"
82,216,Undirected,1823,,1,1,"#999999"
82,276,Undirected,1824,,1,1,"#999999"
82,295,Undirected,1825,,1,1,"#999999"
82,308,Undirected,1826,,1,1,"#999999"
82,315,Undirected,1827,,1,1,"#999999"
82,331,Undirected,1828,,1,1,"#999999"
83,204,Undirected,1829,,3,2,"#999999"
96,37,Undirected,1830,,32,1,"#999999"
96,107,Undirected,1831,,12,1,"#999999"
96,109,Undirected,1832,,26,1,"#999999"
96,84,Undirected,1833,,8,1,"#999999"
96,131,Undirected,1834,,10,1,"#999999"
96,135,Undirected,1835,,8,1,"#999999"
96,144,Undirected,1836,,5,1,"#999999"
96,146,Undirected,1837,,4,1,"#999999"
96,148,Undirected,1838,,1,1,"#999999"
96,181,Undirected,1839,,1,1,"#999999"
96,240,Undirected,1840,,3,1,"#999999"
37,105,Undirected,1843,,93,3,"#999999"
37,37,Undirected,1844,,508,10,"#999999"
37,108,Undirected,1845,,120,3,"#999999"
37,125,Undirected,1846,,42,2,"#999999"
37,132,Undirected,1847,,36,4,"#999999"
37,104,Undirected,1848,,21,3,"#999999"
37,167,Undirected,1849,,33,6,"#999999"
37,173,Undirected,1850,,6,1,"#999999"
37,161,Undirected,1851,,11,3,"#999999"
37,198,Undirected,1852,,9,2,"#999999"
37,239,Undirected,1853,,14,2,"#999999"
97,99,Undirected,1854,,1,1,"#999999"
97,97,Undirected,1855,,113,2,"#999999"
97,109,Undirected,1856,,38,6,"#999999"
97,27,Undirected,1857,,1,1,"#999999"
97,124,Undirected,1858,,2,1,"#999999"
97,144,Undirected,1859,,1,1,"#999999"
97,203,Undirected,1860,,1,1,"#999999"
97,196,Undirected,1861,,10,3,"#999999"
97,256,Undirected,1862,,24,2,"#999999"
83,115,Undirected,1864,,12,2,"#999999"
83,206,Undirected,1865,,5,5,"#999999"
84,97,Undirected,1866,,56,9,"#999999"
84,91,Undirected,1867,,36,2,"#999999"
84,136,Undirected,1868,,77,7,"#999999"
84,247,Undirected,1869,,1,1,"#999999"
71,27,Undirected,1871,,2,2,"#999999"
71,151,Undirected,1872,,3,2,"#999999"
71,209,Undirected,1873,,2,1,"#999999"
71,215,Undirected,1874,,1,1,"#999999"
71,296,Undirected,1875,,2,1,"#999999"
71,160,Undirected,1876,,4,1,"#999999"
71,175,Undirected,1877,,4,1,"#999999"
71,178,Undirected,1878,,1,1,"#999999"
71,219,Undirected,1879,,34,3,"#999999"
71,196,Undirected,1880,,2,2,"#999999"
71,250,Undirected,1881,,1,1,"#999999"
71,275,Undirected,1882,,4,2,"#999999"
71,152,Undirected,1883,,1,1,"#999999"
71,230,Undirected,1884,,17,3,"#999999"
39,99,Undirected,1887,,5,2,"#999999"
39,101,Undirected,1888,,5,1,"#999999"
39,102,Undirected,1889,,7,1,"#999999"
39,109,Undirected,1890,,10,1,"#999999"
39,112,Undirected,1891,,2,1,"#999999"
39,117,Undirected,1892,,2,1,"#999999"
39,122,Undirected,1893,,4,1,"#999999"
39,124,Undirected,1894,,1,1,"#999999"
39,135,Undirected,1895,,4,1,"#999999"
39,139,Undirected,1896,,5,1,"#999999"
39,145,Undirected,1897,,3,1,"#999999"
39,190,Undirected,1898,,2,1,"#999999"
39,223,Undirected,1899,,2,1,"#999999"
39,260,Undirected,1900,,1,1,"#999999"
39,165,Undirected,1901,,3,2,"#999999"
37,107,Undirected,1905,,24,1,"#999999"
37,109,Undirected,1906,,100,8,"#999999"
37,146,Undirected,1907,,40,1,"#999999"
37,283,Undirected,1908,,10,3,"#999999"
9,233,Undirected,1911,,3,1,"#999999"
76,99,Undirected,1912,,1,1,"#999999"
76,102,Undirected,1913,,1,1,"#999999"
76,109,Undirected,1914,,34,1,"#999999"
76,110,Undirected,1915,,4,1,"#999999"
76,84,Undirected,1916,,5,3,"#999999"
76,112,Undirected,1917,,4,1,"#999999"
76,37,Undirected,1918,,1,1,"#999999"
76,122,Undirected,1919,,1,1,"#999999"
76,97,Undirected,1920,,2,1,"#999999"
76,135,Undirected,1921,,2,1,"#999999"
76,139,Undirected,1922,,3,1,"#999999"
76,143,Undirected,1923,,4,1,"#999999"
76,157,Undirected,1924,,3,1,"#999999"
76,190,Undirected,1925,,17,1,"#999999"
76,231,Undirected,1926,,8,1,"#999999"
76,234,Undirected,1927,,1,1,"#999999"
76,235,Undirected,1928,,1,1,"#999999"
76,189,Undirected,1929,,1,1,"#999999"
76,124,Undirected,1930,,3,1,"#999999"
98,109,Undirected,1931,,19,1,"#999999"
98,97,Undirected,1932,,48,1,"#999999"
98,85,Undirected,1933,,2,1,"#999999"
98,131,Undirected,1934,,1,1,"#999999"
98,91,Undirected,1935,,1,1,"#999999"
98,26,Undirected,1936,,4,1,"#999999"
98,196,Undirected,1937,,6,1,"#999999"
98,27,Undirected,1938,,4,1,"#999999"
98,291,Undirected,1939,,1,1,"#999999"
98,309,Undirected,1940,,4,1,"#999999"
85,155,Undirected,1941,,1,1,"#999999"
85,300,Undirected,1942,,2,2,"#999999"
85,106,Undirected,1944,,3,1,"#999999"
85,113,Undirected,1945,,1,1,"#999999"
85,111,Undirected,1946,,4,2,"#999999"
99,102,Undirected,1947,,1,1,"#999999"
99,109,Undirected,1948,,9,1,"#999999"
99,122,Undirected,1949,,1,1,"#999999"
99,124,Undirected,1950,,1,1,"#999999"
99,135,Undirected,1951,,2,1,"#999999"
99,139,Undirected,1952,,1,1,"#999999"
99,185,Undirected,1953,,1,1,"#999999"
99,165,Undirected,1954,,2,2,"#999999"
100,104,Undirected,1955,,20,2,"#999999"
100,109,Undirected,1956,,24,1,"#999999"
100,125,Undirected,1957,,10,1,"#999999"
100,142,Undirected,1958,,16,1,"#999999"
100,162,Undirected,1959,,8,1,"#999999"
100,167,Undirected,1960,,23,1,"#999999"
100,161,Undirected,1961,,8,1,"#999999"
100,195,Undirected,1962,,7,1,"#999999"
101,106,Undirected,1963,,1,1,"#999999"
101,109,Undirected,1964,,17,1,"#999999"
101,110,Undirected,1965,,17,2,"#999999"
101,122,Undirected,1966,,3,1,"#999999"
101,124,Undirected,1967,,1,1,"#999999"
101,129,Undirected,1968,,2,1,"#999999"
101,141,Undirected,1969,,1,1,"#999999"
101,140,Undirected,1970,,1,1,"#999999"
101,63,Undirected,1971,,4,1,"#999999"
101,17,Undirected,1972,,3,1,"#999999"
101,145,Undirected,1973,,1,1,"#999999"
101,27,Undirected,1974,,1,1,"#999999"
101,286,Undirected,1975,,1,1,"#999999"
101,283,Undirected,1976,,1,1,"#999999"
101,297,Undirected,1977,,1,1,"#999999"
101,301,Undirected,1978,,1,1,"#999999"
101,220,Undirected,1979,,1,1,"#999999"
83,148,Undirected,1985,,2,1,"#999999"
102,109,Undirected,1986,,38,1,"#999999"
102,110,Undirected,1987,,12,2,"#999999"
102,112,Undirected,1988,,1,1,"#999999"
102,27,Undirected,1989,,2,1,"#999999"
102,122,Undirected,1990,,1,1,"#999999"
102,124,Undirected,1991,,3,2,"#999999"
102,97,Undirected,1992,,1,1,"#999999"
102,135,Undirected,1993,,3,1,"#999999"
102,139,Undirected,1994,,1,1,"#999999"
102,157,Undirected,1995,,2,1,"#999999"
102,190,Undirected,1996,,1,1,"#999999"
102,209,Undirected,1997,,1,1,"#999999"
102,219,Undirected,1998,,4,1,"#999999"
102,253,Undirected,1999,,1,1,"#999999"
102,296,Undirected,2000,,1,1,"#999999"
102,230,Undirected,2001,,2,1,"#999999"
102,321,Undirected,2002,,2,1,"#999999"
103,109,Undirected,2003,,23,1,"#999999"
103,110,Undirected,2004,,3,1,"#999999"
103,135,Undirected,2005,,3,1,"#999999"
103,144,Undirected,2006,,1,1,"#999999"
103,26,Undirected,2007,,1,1,"#999999"
103,303,Undirected,2008,,3,1,"#999999"
103,134,Undirected,2009,,3,1,"#999999"
104,125,Undirected,2010,,40,2,"#999999"
104,104,Undirected,2011,,16,4,"#999999"
104,184,Undirected,2012,,2,1,"#999999"
97,175,Undirected,2014,,12,1,"#999999"
105,108,Undirected,2015,,43,1,"#999999"
105,125,Undirected,2016,,21,1,"#999999"
105,132,Undirected,2017,,7,2,"#999999"
105,104,Undirected,2018,,9,1,"#999999"
105,167,Undirected,2019,,18,2,"#999999"
105,173,Undirected,2020,,4,1,"#999999"
105,161,Undirected,2021,,6,1,"#999999"
105,198,Undirected,2022,,2,1,"#999999"
105,239,Undirected,2023,,3,1,"#999999"
105,22,Undirected,2024,,1,1,"#999999"
106,111,Undirected,2026,,47,7,"#999999"
106,113,Undirected,2027,,4,1,"#999999"
106,116,Undirected,2028,,11,3,"#999999"
106,124,Undirected,2029,,14,5,"#999999"
106,106,Undirected,2030,,29,11,"#999999"
106,193,Undirected,2031,,2,1,"#999999"
106,71,Undirected,2032,,1,1,"#999999"
106,37,Undirected,2033,,1,1,"#999999"
91,175,Undirected,2034,,56,1,"#999999"
71,149,Undirected,2035,,1,1,"#999999"
71,221,Undirected,2036,,2,1,"#999999"
71,266,Undirected,2037,,1,1,"#999999"
71,279,Undirected,2038,,1,1,"#999999"
97,154,Undirected,2039,,1,1,"#999999"
97,159,Undirected,2040,,6,2,"#999999"
83,152,Undirected,2041,,1,1,"#999999"
37,128,Undirected,2042,,2,1,"#999999"
107,109,Undirected,2043,,18,2,"#999999"
107,146,Undirected,2044,,14,1,"#999999"
107,83,Undirected,2045,,11,1,"#999999"
107,258,Undirected,2046,,11,1,"#999999"
107,263,Undirected,2047,,7,1,"#999999"
107,290,Undirected,2048,,7,1,"#999999"
108,132,Undirected,2049,,20,2,"#999999"
108,104,Undirected,2050,,5,1,"#999999"
108,167,Undirected,2051,,15,2,"#999999"
108,161,Undirected,2052,,5,1,"#999999"
108,198,Undirected,2053,,10,1,"#999999"
108,239,Undirected,2054,,10,1,"#999999"
109,110,Undirected,2055,,66,3,"#999999"
109,112,Undirected,2056,,18,1,"#999999"
109,114,Undirected,2057,,7,1,"#999999"
109,115,Undirected,2058,,2,1,"#999999"
109,117,Undirected,2059,,4,1,"#999999"
109,27,Undirected,2060,,13,6,"#999999"
109,118,Undirected,2061,,5,1,"#999999"
109,119,Undirected,2062,,3,1,"#999999"
109,121,Undirected,2063,,4,1,"#999999"
109,122,Undirected,2064,,23,2,"#999999"
109,123,Undirected,2065,,8,2,"#999999"
109,126,Undirected,2066,,4,1,"#999999"
109,124,Undirected,2067,,24,5,"#999999"
109,127,Undirected,2068,,18,1,"#999999"
109,128,Undirected,2069,,3,2,"#999999"
109,131,Undirected,2070,,2,1,"#999999"
109,134,Undirected,2071,,13,2,"#999999"
109,135,Undirected,2072,,13,1,"#999999"
109,136,Undirected,2073,,13,2,"#999999"
109,139,Undirected,2074,,6,1,"#999999"
109,140,Undirected,2075,,17,2,"#999999"
109,104,Undirected,2076,,1,1,"#999999"
109,141,Undirected,2077,,5,1,"#999999"
109,142,Undirected,2078,,7,1,"#999999"
109,109,Undirected,2079,,56,1,"#999999"
109,144,Undirected,2080,,5,1,"#999999"
109,145,Undirected,2081,,10,2,"#999999"
109,146,Undirected,2082,,7,1,"#999999"
109,147,Undirected,2083,,7,1,"#999999"
109,148,Undirected,2084,,4,2,"#999999"
109,149,Undirected,2085,,1,1,"#999999"
109,152,Undirected,2086,,4,1,"#999999"
109,153,Undirected,2087,,1,1,"#999999"
109,157,Undirected,2088,,1,1,"#999999"
109,159,Undirected,2089,,1,1,"#999999"
109,160,Undirected,2090,,4,1,"#999999"
109,162,Undirected,2091,,2,1,"#999999"
109,163,Undirected,2092,,2,1,"#999999"
109,165,Undirected,2093,,5,3,"#999999"
109,120,Undirected,2094,,2,1,"#999999"
109,167,Undirected,2095,,2,1,"#999999"
109,171,Undirected,2096,,4,1,"#999999"
109,172,Undirected,2097,,4,1,"#999999"
109,174,Undirected,2098,,5,2,"#999999"
109,177,Undirected,2099,,21,2,"#999999"
109,178,Undirected,2100,,15,1,"#999999"
109,179,Undirected,2101,,4,1,"#999999"
109,181,Undirected,2102,,3,2,"#999999"
109,156,Undirected,2103,,1,1,"#999999"
109,185,Undirected,2104,,2,1,"#999999"
109,186,Undirected,2105,,3,1,"#999999"
109,161,Undirected,2106,,1,1,"#999999"
109,188,Undirected,2107,,2,1,"#999999"
109,189,Undirected,2108,,3,2,"#999999"
109,197,Undirected,2109,,1,1,"#999999"
109,199,Undirected,2110,,3,1,"#999999"
109,200,Undirected,2111,,2,1,"#999999"
109,203,Undirected,2112,,1,1,"#999999"
109,204,Undirected,2113,,3,1,"#999999"
109,205,Undirected,2114,,2,1,"#999999"
109,206,Undirected,2115,,1,1,"#999999"
109,209,Undirected,2116,,1,1,"#999999"
109,210,Undirected,2117,,2,1,"#999999"
109,211,Undirected,2118,,2,1,"#999999"
109,212,Undirected,2119,,1,1,"#999999"
109,215,Undirected,2120,,2,1,"#999999"
109,216,Undirected,2121,,4,3,"#999999"
109,218,Undirected,2122,,2,1,"#999999"
109,219,Undirected,2123,,2,1,"#999999"
109,223,Undirected,2124,,1,1,"#999999"
109,26,Undirected,2125,,6,2,"#999999"
109,220,Undirected,2126,,2,2,"#999999"
109,183,Undirected,2127,,1,1,"#999999"
109,230,Undirected,2128,,2,2,"#999999"
109,231,Undirected,2129,,1,1,"#999999"
109,237,Undirected,2130,,1,1,"#999999"
109,242,Undirected,2131,,1,1,"#999999"
109,196,Undirected,2132,,2,2,"#999999"
109,247,Undirected,2133,,1,1,"#999999"
109,248,Undirected,2134,,1,1,"#999999"
109,250,Undirected,2135,,2,2,"#999999"
109,253,Undirected,2136,,1,1,"#999999"
109,255,Undirected,2137,,2,1,"#999999"
109,257,Undirected,2138,,1,1,"#999999"
109,258,Undirected,2139,,1,1,"#999999"
109,259,Undirected,2140,,1,1,"#999999"
109,260,Undirected,2141,,1,1,"#999999"
109,63,Undirected,2142,,1,1,"#999999"
109,265,Undirected,2143,,1,1,"#999999"
109,266,Undirected,2144,,1,1,"#999999"
109,166,Undirected,2145,,3,1,"#999999"
109,267,Undirected,2146,,1,1,"#999999"
109,175,Undirected,2147,,2,1,"#999999"
109,225,Undirected,2148,,2,1,"#999999"
109,271,Undirected,2149,,1,1,"#999999"
109,272,Undirected,2150,,1,1,"#999999"
109,275,Undirected,2151,,1,1,"#999999"
109,276,Undirected,2152,,1,1,"#999999"
109,277,Undirected,2153,,1,1,"#999999"
109,278,Undirected,2154,,1,1,"#999999"
109,279,Undirected,2155,,2,1,"#999999"
109,283,Undirected,2156,,2,2,"#999999"
109,287,Undirected,2157,,1,1,"#999999"
109,290,Undirected,2158,,1,1,"#999999"
109,292,Undirected,2159,,1,1,"#999999"
109,296,Undirected,2160,,1,1,"#999999"
109,297,Undirected,2161,,1,1,"#999999"
109,298,Undirected,2162,,1,1,"#999999"
109,226,Undirected,2163,,1,1,"#999999"
109,306,Undirected,2164,,1,1,"#999999"
109,307,Undirected,2165,,1,1,"#999999"
109,308,Undirected,2166,,1,1,"#999999"
109,309,Undirected,2167,,1,1,"#999999"
109,311,Undirected,2168,,1,1,"#999999"
109,300,Undirected,2169,,2,2,"#999999"
109,314,Undirected,2170,,1,1,"#999999"
109,315,Undirected,2171,,1,1,"#999999"
109,316,Undirected,2172,,1,1,"#999999"
109,319,Undirected,2173,,1,1,"#999999"
109,320,Undirected,2174,,2,1,"#999999"
109,321,Undirected,2175,,1,1,"#999999"
109,303,Undirected,2176,,1,1,"#999999"
109,327,Undirected,2177,,1,1,"#999999"
109,331,Undirected,2178,,2,1,"#999999"
109,299,Undirected,2179,,1,1,"#999999"
110,114,Undirected,2180,,3,1,"#999999"
110,37,Undirected,2181,,10,2,"#999999"
110,117,Undirected,2182,,1,1,"#999999"
110,27,Undirected,2183,,4,1,"#999999"
110,118,Undirected,2184,,1,1,"#999999"
110,123,Undirected,2185,,2,2,"#999999"
110,124,Undirected,2186,,6,4,"#999999"
110,127,Undirected,2187,,11,2,"#999999"
110,135,Undirected,2188,,4,2,"#999999"
110,137,Undirected,2189,,6,1,"#999999"
110,138,Undirected,2190,,8,1,"#999999"
110,141,Undirected,2191,,4,2,"#999999"
110,172,Undirected,2192,,8,2,"#999999"
110,178,Undirected,2193,,1,1,"#999999"
110,180,Undirected,2194,,1,1,"#999999"
110,156,Undirected,2195,,2,1,"#999999"
110,122,Undirected,2196,,3,3,"#999999"
110,210,Undirected,2197,,2,1,"#999999"
110,211,Undirected,2198,,1,1,"#999999"
110,145,Undirected,2199,,1,1,"#999999"
110,215,Undirected,2200,,1,1,"#999999"
110,217,Undirected,2201,,4,2,"#999999"
110,223,Undirected,2202,,1,1,"#999999"
110,224,Undirected,2203,,2,2,"#999999"
110,110,Undirected,2204,,2,2,"#999999"
110,196,Undirected,2205,,2,2,"#999999"
110,265,Undirected,2206,,1,1,"#999999"
110,283,Undirected,2207,,1,1,"#999999"
110,289,Undirected,2208,,1,1,"#999999"
110,290,Undirected,2209,,1,1,"#999999"
110,295,Undirected,2210,,1,1,"#999999"
110,297,Undirected,2211,,3,1,"#999999"
110,299,Undirected,2212,,1,1,"#999999"
110,301,Undirected,2213,,3,1,"#999999"
110,226,Undirected,2214,,1,1,"#999999"
110,300,Undirected,2215,,1,1,"#999999"
110,165,Undirected,2216,,1,1,"#999999"
110,316,Undirected,2217,,1,1,"#999999"
110,220,Undirected,2218,,1,1,"#999999"
110,318,Undirected,2219,,2,2,"#999999"
110,319,Undirected,2220,,2,1,"#999999"
110,320,Undirected,2221,,1,1,"#999999"
110,303,Undirected,2222,,1,1,"#999999"
110,331,Undirected,2223,,1,1,"#999999"
110,134,Undirected,2224,,1,1,"#999999"
84,112,Undirected,2226,,7,4,"#999999"
84,111,Undirected,2227,,6,2,"#999999"
84,135,Undirected,2228,,1,1,"#999999"
84,138,Undirected,2229,,1,1,"#999999"
84,178,Undirected,2230,,3,1,"#999999"
84,209,Undirected,2231,,7,4,"#999999"
84,296,Undirected,2232,,7,4,"#999999"
84,143,Undirected,2233,,20,3,"#999999"
84,234,Undirected,2234,,5,3,"#999999"
84,235,Undirected,2235,,5,3,"#999999"
84,189,Undirected,2236,,5,3,"#999999"
111,111,Undirected,2237,,272,11,"#999999"
111,116,Undirected,2238,,5,2,"#999999"
111,124,Undirected,2239,,53,5,"#999999"
111,37,Undirected,2240,,17,5,"#999999"
79,127,Undirected,2241,,2,1,"#999999"
79,148,Undirected,2242,,2,1,"#999999"
79,27,Undirected,2243,,1,1,"#999999"
79,309,Undirected,2244,,1,1,"#999999"
84,63,Undirected,2246,,2,2,"#999999"
112,93,Undirected,2247,,9,1,"#999999"
112,97,Undirected,2248,,1,1,"#999999"
112,139,Undirected,2249,,2,1,"#999999"
112,209,Undirected,2250,,1,1,"#999999"
112,296,Undirected,2251,,1,1,"#999999"
111,130,Undirected,2252,,10,1,"#999999"
111,159,Undirected,2253,,1,1,"#999999"
111,83,Undirected,2254,,5,4,"#999999"
83,113,Undirected,2255,,7,3,"#999999"
83,176,Undirected,2256,,3,1,"#999999"
113,111,Undirected,2257,,2,1,"#999999"
71,141,Undirected,2258,,1,1,"#999999"
71,172,Undirected,2259,,4,1,"#999999"
71,180,Undirected,2260,,1,1,"#999999"
71,188,Undirected,2261,,1,1,"#999999"
71,319,Undirected,2262,,1,1,"#999999"
71,331,Undirected,2263,,4,1,"#999999"
114,139,Undirected,2264,,1,1,"#999999"
114,84,Undirected,2265,,2,2,"#999999"
114,185,Undirected,2266,,2,1,"#999999"
114,206,Undirected,2267,,1,1,"#999999"
114,269,Undirected,2268,,2,1,"#999999"
84,116,Undirected,2269,,23,6,"#999999"
115,116,Undirected,2270,,2,1,"#999999"
115,111,Undirected,2271,,4,1,"#999999"
115,82,Undirected,2272,,2,1,"#999999"
115,159,Undirected,2273,,14,1,"#999999"
93,141,Undirected,2274,,1,1,"#999999"
37,117,Undirected,2275,,4,2,"#999999"
37,118,Undirected,2276,,4,1,"#999999"
37,122,Undirected,2277,,2,1,"#999999"
37,124,Undirected,2278,,8,4,"#999999"
37,127,Undirected,2279,,4,1,"#999999"
37,135,Undirected,2280,,4,1,"#999999"
37,147,Undirected,2281,,4,1,"#999999"
37,221,Undirected,2282,,10,1,"#999999"
37,189,Undirected,2283,,2,1,"#999999"
83,253,Undirected,2284,,1,1,"#999999"
116,124,Undirected,2285,,7,1,"#999999"
116,159,Undirected,2286,,2,1,"#999999"
116,193,Undirected,2287,,1,1,"#999999"
116,71,Undirected,2288,,3,1,"#999999"
116,37,Undirected,2289,,2,1,"#999999"
117,175,Undirected,2290,,1,1,"#999999"
117,331,Undirected,2291,,1,1,"#999999"
85,149,Undirected,2292,,2,1,"#999999"
85,172,Undirected,2293,,4,1,"#999999"
85,174,Undirected,2294,,4,1,"#999999"
85,196,Undirected,2295,,1,1,"#999999"
85,321,Undirected,2296,,1,1,"#999999"
27,123,Undirected,2297,,1,1,"#999999"
27,127,Undirected,2298,,7,1,"#999999"
27,135,Undirected,2299,,3,1,"#999999"
27,144,Undirected,2300,,1,1,"#999999"
27,124,Undirected,2301,,4,2,"#999999"
27,182,Undirected,2302,,3,2,"#999999"
27,211,Undirected,2303,,1,1,"#999999"
27,215,Undirected,2304,,2,1,"#999999"
27,27,Undirected,2305,,3,1,"#999999"
27,260,Undirected,2306,,1,1,"#999999"
27,165,Undirected,2307,,1,1,"#999999"
27,181,Undirected,2308,,2,2,"#999999"
27,321,Undirected,2309,,1,1,"#999999"
27,303,Undirected,2310,,1,1,"#999999"
27,325,Undirected,2311,,3,2,"#999999"
27,134,Undirected,2312,,1,1,"#999999"
111,176,Undirected,2313,,2,1,"#999999"
119,119,Undirected,2315,,18,1,"#999999"
119,155,Undirected,2316,,1,1,"#999999"
119,168,Undirected,2317,,3,2,"#999999"
119,169,Undirected,2318,,9,2,"#999999"
119,195,Undirected,2319,,9,3,"#999999"
119,86,Undirected,2320,,3,1,"#999999"
120,135,Undirected,2321,,2,1,"#999999"
120,136,Undirected,2322,,2,1,"#999999"
121,97,Undirected,2323,,2,1,"#999999"
121,156,Undirected,2324,,10,1,"#999999"
93,153,Undirected,2325,,22,2,"#999999"
93,216,Undirected,2326,,6,2,"#999999"
85,156,Undirected,2327,,2,1,"#999999"
85,210,Undirected,2328,,1,1,"#999999"
122,135,Undirected,2329,,3,1,"#999999"
122,139,Undirected,2330,,3,1,"#999999"
122,144,Undirected,2331,,1,1,"#999999"
122,147,Undirected,2332,,2,1,"#999999"
122,124,Undirected,2333,,1,1,"#999999"
122,199,Undirected,2334,,2,1,"#999999"
123,139,Undirected,2335,,1,1,"#999999"
123,141,Undirected,2336,,1,1,"#999999"
123,172,Undirected,2337,,4,1,"#999999"
123,122,Undirected,2338,,1,1,"#999999"
123,196,Undirected,2339,,1,1,"#999999"
123,330,Undirected,2340,,1,1,"#999999"
124,193,Undirected,2341,,3,1,"#999999"
124,196,Undirected,2342,,4,1,"#999999"
125,22,Undirected,2343,,6,1,"#999999"
126,80,Undirected,2345,,35,2,"#999999"
82,288,Undirected,2346,,2,1,"#999999"
82,297,Undirected,2347,,3,1,"#999999"
82,319,Undirected,2348,,8,1,"#999999"
119,228,Undirected,2349,,6,1,"#999999"
124,189,Undirected,2350,,1,1,"#999999"
37,179,Undirected,2351,,12,1,"#999999"
127,165,Undirected,2352,,7,1,"#999999"
128,261,Undirected,2353,,8,1,"#999999"
82,136,Undirected,2354,,2,2,"#999999"
82,234,Undirected,2355,,1,1,"#999999"
97,143,Undirected,2356,,8,1,"#999999"
97,178,Undirected,2357,,2,1,"#999999"
97,209,Undirected,2358,,1,1,"#999999"
97,234,Undirected,2359,,2,1,"#999999"
97,235,Undirected,2360,,2,1,"#999999"
97,189,Undirected,2361,,2,1,"#999999"
97,296,Undirected,2362,,1,1,"#999999"
131,91,Undirected,2364,,1,1,"#999999"
131,175,Undirected,2365,,1,1,"#999999"
131,211,Undirected,2366,,1,1,"#999999"
131,230,Undirected,2367,,1,1,"#999999"
131,291,Undirected,2368,,1,1,"#999999"
132,132,Undirected,2369,,10,1,"#999999"
132,198,Undirected,2370,,4,2,"#999999"
132,239,Undirected,2371,,7,2,"#999999"
82,242,Undirected,2372,,4,1,"#999999"
82,267,Undirected,2373,,4,1,"#999999"
133,166,Undirected,2374,,6,1,"#999999"
110,147,Undirected,2375,,4,1,"#999999"
110,157,Undirected,2376,,4,1,"#999999"
135,139,Undirected,2377,,3,1,"#999999"
135,147,Undirected,2378,,2,1,"#999999"
135,185,Undirected,2379,,1,1,"#999999"
135,124,Undirected,2380,,1,1,"#999999"
135,211,Undirected,2381,,1,1,"#999999"
135,237,Undirected,2382,,1,1,"#999999"
135,26,Undirected,2383,,1,1,"#999999"
135,165,Undirected,2384,,1,1,"#999999"
136,171,Undirected,2385,,20,1,"#999999"
136,27,Undirected,2386,,5,1,"#999999"
137,265,Undirected,2387,,6,1,"#999999"
139,84,Undirected,2388,,2,2,"#999999"
139,206,Undirected,2389,,1,1,"#999999"
139,330,Undirected,2390,,1,1,"#999999"
84,206,Undirected,2391,,2,2,"#999999"
106,196,Undirected,2392,,4,2,"#999999"
106,166,Undirected,2393,,1,1,"#999999"
104,167,Undirected,2394,,4,2,"#999999"
104,173,Undirected,2395,,2,1,"#999999"
104,161,Undirected,2396,,4,2,"#999999"
104,22,Undirected,2397,,1,1,"#999999"
141,172,Undirected,2398,,4,1,"#999999"
141,122,Undirected,2399,,1,1,"#999999"
141,27,Undirected,2400,,1,1,"#999999"
141,196,Undirected,2401,,1,1,"#999999"
142,162,Undirected,2403,,7,1,"#999999"
142,161,Undirected,2404,,2,1,"#999999"
143,234,Undirected,2405,,4,1,"#999999"
143,235,Undirected,2406,,4,1,"#999999"
143,189,Undirected,2407,,4,1,"#999999"
144,26,Undirected,2408,,1,1,"#999999"
145,220,Undirected,2409,,4,2,"#999999"
145,287,Undirected,2410,,3,1,"#999999"
145,123,Undirected,2411,,3,1,"#999999"
146,83,Undirected,2412,,1,1,"#999999"
146,258,Undirected,2413,,1,1,"#999999"
146,175,Undirected,2414,,1,1,"#999999"
147,124,Undirected,2415,,2,1,"#999999"
150,159,Undirected,2417,,6,1,"#999999"
124,124,Undirected,2418,,3,1,"#999999"
124,215,Undirected,2419,,7,2,"#999999"
151,180,Undirected,2420,,1,1,"#999999"
151,17,Undirected,2421,,3,1,"#999999"
80,154,Undirected,2422,,1,1,"#999999"
153,216,Undirected,2423,,1,1,"#999999"
155,86,Undirected,2425,,1,1,"#999999"
155,84,Undirected,2426,,1,1,"#999999"
155,27,Undirected,2427,,1,1,"#999999"
157,190,Undirected,2428,,5,1,"#999999"
157,189,Undirected,2429,,2,1,"#999999"
157,124,Undirected,2430,,1,1,"#999999"
158,191,Undirected,2432,,1,1,"#999999"
159,37,Undirected,2433,,1,1,"#999999"
163,299,Undirected,2434,,2,1,"#999999"
164,17,Undirected,2436,,2,1,"#999999"
165,37,Undirected,2437,,1,1,"#999999"
167,167,Undirected,2438,,29,4,"#999999"
167,161,Undirected,2439,,4,2,"#999999"
167,195,Undirected,2440,,1,1,"#999999"
168,169,Undirected,2441,,3,1,"#999999"
168,195,Undirected,2442,,1,1,"#999999"
169,195,Undirected,2443,,3,1,"#999999"
171,27,Undirected,2444,,4,1,"#999999"
172,122,Undirected,2445,,4,1,"#999999"
172,196,Undirected,2446,,4,1,"#999999"
174,189,Undirected,2447,,1,1,"#999999"
174,107,Undirected,2448,,2,1,"#999999"
174,86,Undirected,2449,,3,2,"#999999"
174,200,Undirected,2450,,2,1,"#999999"
174,183,Undirected,2451,,1,1,"#999999"
174,248,Undirected,2452,,1,1,"#999999"
174,278,Undirected,2453,,1,1,"#999999"
174,71,Undirected,2454,,2,2,"#999999"
174,327,Undirected,2455,,1,1,"#999999"
177,210,Undirected,2456,,1,1,"#999999"
177,37,Undirected,2457,,1,1,"#999999"
177,311,Undirected,2458,,1,1,"#999999"
124,247,Undirected,2459,,2,1,"#999999"
82,204,Undirected,2460,,10,2,"#999999"
82,269,Undirected,2461,,1,1,"#999999"
178,250,Undirected,2462,,1,1,"#999999"
182,325,Undirected,2464,,1,1,"#999999"
183,159,Undirected,2465,,2,1,"#999999"
91,291,Undirected,2467,,1,1,"#999999"
185,71,Undirected,2468,,3,1,"#999999"
185,165,Undirected,2469,,1,1,"#999999"
186,255,Undirected,2470,,3,1,"#999999"
84,27,Undirected,2472,,1,1,"#999999"
83,258,Undirected,2473,,1,1,"#999999"
175,293,Undirected,2474,,1,1,"#999999"
189,183,Undirected,2475,,1,1,"#999999"
189,248,Undirected,2476,,1,1,"#999999"
189,278,Undirected,2477,,1,1,"#999999"
189,71,Undirected,2478,,1,1,"#999999"
189,327,Undirected,2479,,1,1,"#999999"
37,181,Undirected,2480,,1,1,"#999999"
190,189,Undirected,2481,,2,1,"#999999"
190,124,Undirected,2482,,1,1,"#999999"
107,200,Undirected,2483,,4,1,"#999999"
107,71,Undirected,2484,,2,1,"#999999"
195,195,Undirected,2485,,1,1,"#999999"
195,86,Undirected,2486,,2,2,"#999999"
197,259,Undirected,2488,,1,1,"#999999"
198,239,Undirected,2489,,2,1,"#999999"
86,183,Undirected,2490,,3,2,"#999999"
86,86,Undirected,2491,,2,1,"#999999"
86,248,Undirected,2492,,3,2,"#999999"
86,278,Undirected,2493,,3,2,"#999999"
86,327,Undirected,2494,,3,2,"#999999"
200,71,Undirected,2495,,2,1,"#999999"
203,322,Undirected,2496,,1,1,"#999999"
204,166,Undirected,2497,,4,1,"#999999"
208,85,Undirected,2498,,1,1,"#999999"
122,196,Undirected,2499,,1,1,"#999999"
209,296,Undirected,2500,,1,1,"#999999"
210,37,Undirected,2501,,1,1,"#999999"
210,311,Undirected,2502,,1,1,"#999999"
83,214,Undirected,2503,,1,1,"#999999"
212,315,Undirected,2504,,1,1,"#999999"
145,283,Undirected,2505,,1,1,"#999999"
216,257,Undirected,2508,,1,1,"#999999"
217,224,Undirected,2509,,2,1,"#999999"
217,318,Undirected,2510,,2,1,"#999999"
37,311,Undirected,2511,,1,1,"#999999"
219,230,Undirected,2512,,2,1,"#999999"
222,71,Undirected,2513,,1,1,"#999999"
26,27,Undirected,2514,,1,1,"#999999"
26,309,Undirected,2515,,1,1,"#999999"
220,287,Undirected,2516,,1,1,"#999999"
220,123,Undirected,2517,,1,1,"#999999"
224,318,Undirected,2518,,1,1,"#999999"
183,248,Undirected,2519,,1,1,"#999999"
183,278,Undirected,2520,,1,1,"#999999"
183,71,Undirected,2521,,1,1,"#999999"
183,327,Undirected,2522,,1,1,"#999999"
231,79,Undirected,2523,,1,1,"#999999"
234,235,Undirected,2524,,1,1,"#999999"
234,189,Undirected,2525,,1,1,"#999999"
235,189,Undirected,2526,,1,1,"#999999"
237,85,Undirected,2527,,1,1,"#999999"
242,148,Undirected,2529,,1,1,"#999999"
242,267,Undirected,2530,,1,1,"#999999"
248,278,Undirected,2531,,1,1,"#999999"
248,71,Undirected,2532,,1,1,"#999999"
248,327,Undirected,2533,,1,1,"#999999"
253,71,Undirected,2534,,1,1,"#999999"
254,26,Undirected,2535,,1,1,"#999999"
148,267,Undirected,2536,,1,1,"#999999"
263,290,Undirected,2538,,1,1,"#999999"
27,309,Undirected,2539,,1,1,"#999999"
39,273,Undirected,2540,,1,1,"#999999"
278,71,Undirected,2541,,1,1,"#999999"
278,327,Undirected,2542,,1,1,"#999999"
283,220,Undirected,2543,,1,1,"#999999"
287,123,Undirected,2544,,1,1,"#999999"
304,305,Undirected,2547,,1,1,"#999999"
305,83,Undirected,2548,,1,1,"#999999"
71,327,Undirected,2549,,1,1,"#999999"
300,320,Undirected,2550,,1,1,"#999999"
181,181,Undirected,2551,,1,1,"#999999"
181,134,Undirected,2552,,2,2,"#999999"
303,134,Undirected,2553,,1,1,"#999999"
335,349,Undirected,2554,,1,1,"#999999"
333,344,Undirected,2571,,12,1,"#999999"
333,336,Undirected,2572,,5,1,"#999999"
338,347,Undirected,2574,,1,1,"#999999"
338,71,Undirected,2575,,1,1,"#999999"
347,71,Undirected,2576,,1,1,"#999999"
